STATE/UT,CRIME HEAD,2006,2007,2008,2009,2010,2011,2012,2013,2014,2015,2016,2017,2018,2019,2020,2021
Andhra Pradesh,"ARMS ACT, 1959",291,280,343,348,298,296,301,280,226,237,139,386,341,293,300,240
Arunachal Pradesh,"ARMS ACT, 1959",10,10,16,18,16,12,11,15,26,9,18,10,13,9,16,12
Assam,"ARMS ACT, 1959",288,329,329,427,505,454,539,630,473,473,400,388,289,294,310,254
Bihar,"ARMS ACT, 1959",2403,1969,1809,1926,1845,1574,1813,1614,1764,1846,1787,2861,2571,2358,2403,2982
Chattisgarh,"ARMS ACT, 1959",1144,901,1120,1119,1059,833,883,954,782,591,747,551,704,1304,1156,1191
Goa,"ARMS ACT, 1959",3,4,0,4,6,5,12,7,2,8,5,34,4,2,2,5
Gujarat,"ARMS ACT, 1959",260,361,280,345,391,405,512,417,586,546,507,245,368,324,295,305
Haryana,"ARMS ACT, 1959",1213,1623,1886,1625,1464,1411,1402,1446,1564,1741,1825,1275,2029,1605,1393,1428
Himachal Pradesh,"ARMS ACT, 1959",13,8,15,24,10,24,15,21,18,17,25,20,25,20,16,14
Jammu & Kashmir,"ARMS ACT, 1959",713,456,362,289,225,231,186,173,181,146,181,1259,1061,864,761,880
Jharkhand,"ARMS ACT, 1959",479,486,529,644,741,587,570,515,459,498,462,462,511,528,511,543
Karnataka,"ARMS ACT, 1959",87,52,96,90,135,134,124,116,107,136,133,101,100,72,109,99
Kerala,"ARMS ACT, 1959",393,467,402,325,344,296,293,259,273,250,215,387,432,558,534,465
Madhya Pradesh,"ARMS ACT, 1959",11931,10313,12094,10075,8999,10063,10827,12798,11595,9773,9084,7143,8690,11806,13372,13192
Maharashtra,"ARMS ACT, 1959",1187,1120,1034,1185,1068,1014,1166,1000,1412,1253,1387,1521,1346,1270,1609,1244
Manipur,"ARMS ACT, 1959",4,5,19,10,14,14,15,17,11,16,16,29,18,7,2,6
Meghalaya,"ARMS ACT, 1959",23,32,32,48,30,29,20,26,59,40,28,48,47,64,43,42
Mizoram,"ARMS ACT, 1959",20,28,28,26,27,38,37,37,20,31,12,28,22,16,12,18
Nagaland,"ARMS ACT, 1959",28,33,103,93,83,86,101,186,222,161,125,22,22,22,28,19
Odisha,"ARMS ACT, 1959",280,369,467,379,408,469,602,719,533,349,318,226,239,257,273,142
Punjab,"ARMS ACT, 1959",710,635,899,715,915,831,888,647,513,492,458,1011,1082,854,771,804
Rajasthan,"ARMS ACT, 1959",3364,3718,3811,3582,4352,5005,4992,5304,5232,5894,6444,2482,2819,3408,2571,2869
Sikkim,"ARMS ACT, 1959",3,1,1,2,1,1,1,2,2,2,2,6,2,2,6,3
Tamil Nadu,"ARMS ACT, 1959",125,145,146,162,167,138,180,193,275,227,218,118,130,172,158,184
Tripura,"ARMS ACT, 1959",33,26,24,28,12,11,15,15,4,5,3,40,38,35,27,38
Uttar Pradesh,"ARMS ACT, 1959",39218,41800,47725,53141,49248,33607,26396,22822,25097,24702,27227,32634,33836,37840,37505,36496
Uttarakhand,"ARMS ACT, 1959",1580,1456,1014,1108,866,453,503,587,636,753,813,1416,1286,1305,1079,1254
West Bengal,"ARMS ACT, 1959",1659,1008,1120,1258,1264,2964,1722,2531,2360,2379,2349,1806,1717,1633,1549,1253
A&N Islands,"ARMS ACT, 1959",0,1,0,2,1,0,0,1,0,0,0,0,0,0,0,0
Chandigarh,"ARMS ACT, 1959",6,5,7,12,13,21,18,16,17,11,22,9,7,17,14,21
D&N Haveli,"ARMS ACT, 1959",0,1,3,0,0,2,1,1,0,0,1,3,2,1,0,1
Daman & Diu,"ARMS ACT, 1959",1,1,0,0,0,1,0,1,0,1,1,4,0,0,2,1
Delhi,"ARMS ACT, 1959",9020,6266,1218,931,884,1035,1017,921,753,700,688,3415,4591,5820,7545,8172
Lakshadweep,"ARMS ACT, 1959",0,0,0,0,1,0,0,0,0,0,0,0,0,0,0,0
Puducherry,"ARMS ACT, 1959",73,157,84,168,158,285,214,91,53,13,20,20,41,44,110,93
INDIA,"ARMS ACT, 1959",76562,74066,77016,80109,75550,62329,55376,54362,55255,53300,55660,59960,64383,72804,74482,74270
Andhra Pradesh,"NARCOTIC DRUGS & PSYCHOTROPIC SUBSTANCES ACT, 1985",534,489,299,327,455,413,464,553,588,718,954,651,518,461,441,563
Arunachal Pradesh,"NARCOTIC DRUGS & PSYCHOTROPIC SUBSTANCES ACT, 1985",25,26,22,28,49,24,40,86,83,105,116,17,11,22,30,39
Assam,"NARCOTIC DRUGS & PSYCHOTROPIC SUBSTANCES ACT, 1985",155,176,198,186,180,162,129,266,196,210,380,146,166,121,129,125
Bihar,"NARCOTIC DRUGS & PSYCHOTROPIC SUBSTANCES ACT, 1985",320,327,283,311,463,352,366,354,347,349,576,225,292,287,240,319
Chattisgarh,"NARCOTIC DRUGS & PSYCHOTROPIC SUBSTANCES ACT, 1985",401,398,316,360,428,401,426,432,434,505,595,299,324,365,403,344
Goa,"NARCOTIC DRUGS & PSYCHOTROPIC SUBSTANCES ACT, 1985",29,23,24,35,65,53,55,50,54,60,60,29,29,26,30,31
Gujarat,"NARCOTIC DRUGS & PSYCHOTROPIC SUBSTANCES ACT, 1985",77,49,55,60,83,80,68,47,47,54,61,119,107,133,108,101
Haryana,"NARCOTIC DRUGS & PSYCHOTROPIC SUBSTANCES ACT, 1985",1521,1404,1311,882,871,858,935,1129,1012,1661,2032,1322,1410,1686,1391,1427
Himachal Pradesh,"NARCOTIC DRUGS & PSYCHOTROPIC SUBSTANCES ACT, 1985",385,233,374,473,596,570,513,531,644,622,929,229,312,310,319,242
Jammu & Kashmir,"NARCOTIC DRUGS & PSYCHOTROPIC SUBSTANCES ACT, 1985",244,248,197,302,421,529,411,390,404,588,619,111,118,176,162,192
Jharkhand,"NARCOTIC DRUGS & PSYCHOTROPIC SUBSTANCES ACT, 1985",63,135,137,131,170,77,122,127,78,131,129,39,48,49,48,53
Karnataka,"NARCOTIC DRUGS & PSYCHOTROPIC SUBSTANCES ACT, 1985",209,201,206,250,302,252,225,290,284,350,655,309,282,298,242,292
Kerala,"NARCOTIC DRUGS & PSYCHOTROPIC SUBSTANCES ACT, 1985",391,452,508,646,769,693,696,974,2239,4103,5924,514,473,435,451,409
Madhya Pradesh,"NARCOTIC DRUGS & PSYCHOTROPIC SUBSTANCES ACT, 1985",1078,929,684,752,742,721,749,756,712,591,790,808,717,759,900,869
Maharashtra,"NARCOTIC DRUGS & PSYCHOTROPIC SUBSTANCES ACT, 1985",2042,1569,1700,1453,1081,1368,1903,2714,14622,18979,14590,463,495,470,804,1365
Manipur,"NARCOTIC DRUGS & PSYCHOTROPIC SUBSTANCES ACT, 1985",45,34,28,16,38,36,69,109,124,140,91,130,159,115,75,65
Meghalaya,"NARCOTIC DRUGS & PSYCHOTROPIC SUBSTANCES ACT, 1985",15,15,10,19,8,12,17,32,26,30,47,16,16,11,14,24
Mizoram,"NARCOTIC DRUGS & PSYCHOTROPIC SUBSTANCES ACT, 1985",36,35,27,97,87,69,155,194,118,96,105,43,74,122,212,89
Nagaland,"NARCOTIC DRUGS & PSYCHOTROPIC SUBSTANCES ACT, 1985",100,69,86,95,118,78,39,84,72,78,58,217,259,117,142,143
Odisha,"NARCOTIC DRUGS & PSYCHOTROPIC SUBSTANCES ACT, 1985",149,107,114,97,108,170,226,364,353,516,548,116,107,111,123,97
Punjab,"NARCOTIC DRUGS & PSYCHOTROPIC SUBSTANCES ACT, 1985",4861,6112,5056,4421,5508,5464,10220,14654,14483,10159,5906,2231,3405,3545,3226,4464
Rajasthan,"NARCOTIC DRUGS & PSYCHOTROPIC SUBSTANCES ACT, 1985",1026,912,1087,1029,1165,1241,1115,943,823,883,1246,705,675,712,856,973
Sikkim,"NARCOTIC DRUGS & PSYCHOTROPIC SUBSTANCES ACT, 1985",19,13,12,4,1,2,3,10,3,1,3,7,4,4,3,6
Tamil Nadu,"NARCOTIC DRUGS & PSYCHOTROPIC SUBSTANCES ACT, 1985",3161,2501,1967,1736,1467,1417,1402,1511,1413,1522,3424,4237,3661,4227,5916,4390
Tripura,"NARCOTIC DRUGS & PSYCHOTROPIC SUBSTANCES ACT, 1985",73,55,45,53,43,41,43,91,102,72,55,9,12,17,23,81
Uttar Pradesh,"NARCOTIC DRUGS & PSYCHOTROPIC SUBSTANCES ACT, 1985",11353,10885,14142,14278,12953,8496,6755,6039,5742,6094,6834,9916,9979,11320,9330,10283
Uttarakhand,"NARCOTIC DRUGS & PSYCHOTROPIC SUBSTANCES ACT, 1985",461,380,280,392,342,244,297,390,252,411,628,297,331,346,258,367
West Bengal,"NARCOTIC DRUGS & PSYCHOTROPIC SUBSTANCES ACT, 1985",591,752,765,555,790,761,886,981,1158,1292,1428,506,493,452,399,485
A&N Islands,"NARCOTIC DRUGS & PSYCHOTROPIC SUBSTANCES ACT, 1985",1,22,28,37,25,12,4,13,30,16,21,0,4,1,2,3
Chandigarh,"NARCOTIC DRUGS & PSYCHOTROPIC SUBSTANCES ACT, 1985",181,144,91,71,48,53,68,101,137,173,144,39,47,65,89,164
D&N Haveli,"NARCOTIC DRUGS & PSYCHOTROPIC SUBSTANCES ACT, 1985",0,0,0,0,0,0,0,3,1,3,2,2,1,0,1,0
Daman & Diu,"NARCOTIC DRUGS & PSYCHOTROPIC SUBSTANCES ACT, 1985",0,0,0,1,0,0,0,0,2,1,1,0,0,0,3,2
Delhi,"NARCOTIC DRUGS & PSYCHOTROPIC SUBSTANCES ACT, 1985",1494,1133,591,299,197,1127,829,442,322,277,297,622,749,1150,1237,1410
Lakshadweep,"NARCOTIC DRUGS & PSYCHOTROPIC SUBSTANCES ACT, 1985",2,2,0,2,1,3,11,7,17,4,5,0,0,0,0,2
Puducherry,"NARCOTIC DRUGS & PSYCHOTROPIC SUBSTANCES ACT, 1985",2,1,2,3,2,6,6,1,1,2,3,3,1,0,1,2
INDIA,"NARCOTIC DRUGS & PSYCHOTROPIC SUBSTANCES ACT, 1985",31044,29831,30645,29401,29576,25785,29247,34668,46923,50796,49256,24377,25279,27913,27608,29421
Andhra Pradesh,"GAMBLING ACT, 1867",41488,62035,43775,56610,53482,51816,30664,21498,13994,5818,17097,33865,42750,32600,36258,37022
Arunachal Pradesh,"GAMBLING ACT, 1867",0,0,0,0,0,0,0,0,11,2,1,0,0,0,0,0
Assam,"GAMBLING ACT, 1867",81,137,114,69,39,67,82,63,152,149,301,103,176,148,138,135
Bihar,"GAMBLING ACT, 1867",242,127,152,262,200,210,211,308,259,217,336,174,148,191,153,222
Chattisgarh,"GAMBLING ACT, 1867",10833,10847,9071,7389,7810,7345,8756,8499,9324,11287,10363,6934,7754,10373,11631,11063
Goa,"GAMBLING ACT, 1867",1286,956,617,568,570,596,530,502,532,1251,799,1238,1211,1334,1471,1365
Gujarat,"GAMBLING ACT, 1867",8248,8568,8247,8229,9017,9042,9427,10411,9973,11173,10992,7850,6796,8083,8468,8849
Haryana,"GAMBLING ACT, 1867",6406,5802,5467,4683,4417,4008,4138,4263,3674,4729,4578,5962,7159,8617,8186,6862
Himachal Pradesh,"GAMBLING ACT, 1867",531,354,356,351,320,251,218,195,297,302,294,314,412,563,638,566
Jammu & Kashmir,"GAMBLING ACT, 1867",163,176,152,130,79,146,165,115,175,156,116,72,134,137,126,149
Jharkhand,"GAMBLING ACT, 1867",156,118,95,118,137,102,153,99,73,117,134,75,112,126,112,193
Karnataka,"GAMBLING ACT, 1867",7167,5907,5073,5817,5930,7024,7161,9163,10008,9993,10529,6180,7162,6900,6708,7245
Kerala,"GAMBLING ACT, 1867",1726,1769,1975,2659,3257,3601,4496,4394,3810,3691,3556,2052,1822,1649,2167,2561
Madhya Pradesh,"GAMBLING ACT, 1867",32390,28111,26284,19896,19768,20769,22918,23203,22050,22618,24299,23037,30295,31449,31239,34759
Maharashtra,"GAMBLING ACT, 1867",17195,16508,12243,11589,11986,13296,14704,15743,16637,20171,22991,23897,24456,27254,21331,17647
Manipur,"GAMBLING ACT, 1867",2,5,2,0,0,12,8,13,6,29,28,8,24,9,10,1
Meghalaya,"GAMBLING ACT, 1867",8,27,32,14,8,5,13,16,9,4,3,30,11,13,6,15
Mizoram,"GAMBLING ACT, 1867",0,2,54,54,0,0,0,0,0,0,0,2,0,3,5,1
Nagaland,"GAMBLING ACT, 1867",3,1,1,1,1,0,2,2,8,19,9,0,1,0,0,2
Odisha,"GAMBLING ACT, 1867",733,846,750,709,716,757,761,816,944,1173,1380,755,624,614,762,541
Punjab,"GAMBLING ACT, 1867",4305,5081,4537,3944,2957,2254,2301,2208,1783,1829,1943,3391,3862,4493,4137,4861
Rajasthan,"GAMBLING ACT, 1867",11245,11640,11323,12462,14482,14527,15625,15325,16237,19099,21495,9461,10486,10993,10458,10742
Sikkim,"GAMBLING ACT, 1867",0,1,0,0,0,0,0,0,0,0,0,0,0,0,0,31
Tamil Nadu,"GAMBLING ACT, 1867",18717,14512,12636,11957,9445,8618,9475,6022,5574,5679,4398,17348,20376,18112,34982,33804
Tripura,"GAMBLING ACT, 1867",7,13,12,4,7,2,7,11,2,5,0,5,1,1,4,2
Uttar Pradesh,"GAMBLING ACT, 1867",8201,9350,12120,13609,12100,8354,6938,7006,8339,8424,11174,6576,6615,8538,8708,8107
Uttarakhand,"GAMBLING ACT, 1867",616,507,442,557,455,241,243,265,238,341,351,238,328,404,466,555
West Bengal,"GAMBLING ACT, 1867",286,251,265,171,262,351,339,399,305,436,473,604,789,1092,897,371
A&N Islands,"GAMBLING ACT, 1867",20,40,56,31,48,60,66,83,90,53,58,17,22,10,20,13
Chandigarh,"GAMBLING ACT, 1867",323,235,212,144,147,244,330,414,333,454,188,107,117,224,257,313
D&N Haveli,"GAMBLING ACT, 1867",1,2,3,1,1,1,14,3,2,3,2,2,0,0,0,3
Daman & Diu,"GAMBLING ACT, 1867",1,4,6,5,2,2,8,13,7,8,6,5,1,0,2,1
Delhi,"GAMBLING ACT, 1867",1505,996,141,150,292,598,518,560,631,894,1098,1177,1336,1318,1306,1481
Lakshadweep,"GAMBLING ACT, 1867",0,0,0,0,0,0,0,0,0,0,0,0,0,0,0,0
Puducherry,"GAMBLING ACT, 1867",45,44,34,35,23,36,31,22,17,10,12,18,21,50,36,41
INDIA,"GAMBLING ACT, 1867",173930,184972,156247,162218,157958,154335,140302,131634,125494,130134,149004,151497,175001,175298,190682,189523
Andhra Pradesh,"EXCISE ACT, 1944",1272,1958,1933,6812,4689,3806,6914,8345,12516,7829,5431,2871,2759,1385,1686,758
Arunachal Pradesh,"EXCISE ACT, 1944",0,0,0,0,0,4,0,0,2,0,0,0,0,0,0,0
Assam,"EXCISE ACT, 1944",33,43,62,20,2,17,27,15,14,28,41,182,99,68,44,78
Bihar,"EXCISE ACT, 1944",1645,1947,1627,2255,2180,2043,2706,3223,3555,4890,13472,1285,1234,946,1135,2209
Chattisgarh,"EXCISE ACT, 1944",11670,11595,13267,15296,15235,10606,11743,14698,14263,15919,16250,8907,8391,10491,10745,10877
Goa,"EXCISE ACT, 1944",0,0,0,1,0,0,0,0,0,0,0,0,0,0,0,0
Gujarat,"EXCISE ACT, 1944",0,0,10,0,2,1,0,0,0,0,0,0,0,1,0,5
Haryana,"EXCISE ACT, 1944",10797,7848,11637,13289,9819,9723,17628,20302,13540,16363,16276,12223,13485,12533,11438,10361
Himachal Pradesh,"EXCISE ACT, 1944",3442,2343,2587,2590,2298,1830,2097,737,1492,1738,2047,2949,2921,3094,3283,3220
Jammu & Kashmir,"EXCISE ACT, 1944",406,306,383,507,512,563,488,406,410,460,488,314,240,425,319,368
Jharkhand,"EXCISE ACT, 1944",275,263,220,557,418,315,329,294,598,300,488,309,216,190,216,444
Karnataka,"EXCISE ACT, 1944",1954,3641,6587,4294,3190,2402,2471,3954,3669,4088,5300,4308,2513,1592,1576,3051
Kerala,"EXCISE ACT, 1944",0,0,0,0,0,0,0,0,0,0,0,322,151,0,0,0
Madhya Pradesh,"EXCISE ACT, 1944",22605,21576,24631,27862,32246,36454,42693,50711,51646,51470,63253,19511,20087,18832,21358,24443
Maharashtra,"EXCISE ACT, 1944",0,0,0,0,0,0,0,0,0,0,0,0,0,0,0,1
Manipur,"EXCISE ACT, 1944",0,0,0,0,0,0,0,0,0,0,0,0,0,0,0,0
Meghalaya,"EXCISE ACT, 1944",1,7,17,0,5,0,0,2,10,2,0,11,2,23,0,21
Mizoram,"EXCISE ACT, 1944",0,0,0,0,0,0,0,2,0,0,0,0,0,0,0,0
Nagaland,"EXCISE ACT, 1944",63,91,51,49,22,31,26,38,35,0,0,2,17,33,140,86
Odisha,"EXCISE ACT, 1944",8849,7513,7225,8879,7330,7422,9301,11243,15065,15344,17417,8033,8665,9304,10993,10856
Punjab,"EXCISE ACT, 1944",9636,9313,8462,7357,7094,6386,7753,6568,7761,7506,7792,14922,16404,15443,15003,15110
Rajasthan,"EXCISE ACT, 1944",9329,9222,10386,12302,11687,12291,12911,12887,13072,14617,16070,7003,7736,8722,8612,8896
Sikkim,"EXCISE ACT, 1944",99,123,0,0,0,0,104,106,35,0,0,0,111,146,131,169
Tamil Nadu,"EXCISE ACT, 1944",0,0,0,0,0,0,0,0,0,0,0,0,0,3,0,2
Tripura,"EXCISE ACT, 1944",0,0,0,0,0,0,0,0,0,0,0,0,0,0,0,0
Uttar Pradesh,"EXCISE ACT, 1944",40362,46546,63185,74908,71883,41887,33878,32525,37360,51491,58848,19277,24138,33077,37304,34815
Uttarakhand,"EXCISE ACT, 1944",3041,3199,2786,3252,2244,1993,2235,2129,2152,2281,2675,2760,2571,3075,2818,2918
West Bengal,"EXCISE ACT, 1944",344,218,282,568,443,1756,2471,3097,4575,6575,6430,794,482,602,912,562
A&N Islands,"EXCISE ACT, 1944",5725,4475,3843,3874,3390,2855,2064,1889,1951,2094,1570,2959,3850,5523,6517,6530
Chandigarh,"EXCISE ACT, 1944",297,311,234,245,211,282,909,679,874,1097,818,393,395,709,556,224
D&N Haveli,"EXCISE ACT, 1944",6,4,1,9,2,1,1,0,9,10,3,8,7,4,22,16
Daman & Diu,"EXCISE ACT, 1944",0,0,0,0,0,0,0,0,0,0,0,0,0,0,0,0
Delhi,"EXCISE ACT, 1944",15122,10769,2275,1396,2179,1946,1779,1894,1408,1967,2356,6881,8586,11292,13046,14584
Lakshadweep,"EXCISE ACT, 1944",0,0,0,0,0,0,0,0,0,0,0,0,0,0,0,0
Puducherry,"EXCISE ACT, 1944",0,0,0,0,0,0,0,0,0,0,1,23,2,0,0,0
INDIA,"EXCISE ACT, 1944",146973,143311,161691,186322,177081,144614,160528,175744,186012,206069,237026,116247,125062,137513,147854,150604
Andhra Pradesh,PROHIBITION ACT,886,1530,1385,1931,1809,2065,2369,6360,7395,6112,1841,1685,2229,879,1020,1084
Arunachal Pradesh,PROHIBITION ACT,0,0,0,0,0,0,0,0,7,5,0,0,0,0,0,0
Assam,PROHIBITION ACT,1,0,6,3,0,0,0,23,0,1,18,2,46,1,0,0
Bihar,PROHIBITION ACT,22,4,6,125,46,71,0,7,0,0,632,2,3,21,12,0
Chattisgarh,PROHIBITION ACT,0,0,0,0,1,0,937,4,0,1,26,0,2,1,2,0
Goa,PROHIBITION ACT,0,0,0,0,0,0,0,0,0,0,0,0,0,0,0,0
Gujarat,PROHIBITION ACT,137022,158444,163310,176206,183769,187646,198297,217439,237608,254212,252373,112114,112253,113701,120862,126356
Haryana,PROHIBITION ACT,0,0,0,0,0,0,0,0,0,0,0,0,0,0,0,0
Himachal Pradesh,PROHIBITION ACT,0,0,0,0,0,0,1,0,0,0,0,0,0,0,0,0
Jammu & Kashmir,PROHIBITION ACT,0,0,0,0,1,0,0,0,0,0,0,0,0,0,0,0
Jharkhand,PROHIBITION ACT,1,0,1,0,6,0,0,13,3,0,4,0,0,3,0,0
Karnataka,PROHIBITION ACT,0,0,0,0,1,0,0,2,0,2,0,0,0,0,0,0
Kerala,PROHIBITION ACT,4826,6460,10176,20213,37896,42747,52282,48828,51989,58197,65046,7042,7162,6679,7169,7068
Madhya Pradesh,PROHIBITION ACT,1955,0,1,0,0,0,0,0,14,0,43,0,0,0,0,2092
Maharashtra,PROHIBITION ACT,81364,75904,69412,71814,67932,71171,72442,61660,62772,65128,71119,132228,127316,119647,121028,93959
Manipur,PROHIBITION ACT,0,0,0,0,0,0,0,0,0,0,0,0,0,0,0,0
Meghalaya,PROHIBITION ACT,0,0,0,0,0,0,0,0,0,0,0,0,0,1,0,0
Mizoram,PROHIBITION ACT,221,169,116,110,146,91,55,133,51,64,93,228,180,0,0,262
Nagaland,PROHIBITION ACT,28,27,31,42,99,69,46,74,61,197,215,40,31,57,22,35
Odisha,PROHIBITION ACT,1,1,0,1,1,0,0,0,0,0,0,0,3,0,0,5
Punjab,PROHIBITION ACT,8,2,6,5,3,2,9,8,6,8,4,4,12,8,8,10
Rajasthan,PROHIBITION ACT,0,0,0,0,0,0,0,0,0,0,0,0,0,0,0,0
Sikkim,PROHIBITION ACT,0,0,0,0,0,0,0,0,0,0,0,0,0,0,0,0
Tamil Nadu,PROHIBITION ACT,89447,101746,117410,116512,93868,95311,90272,85530,107171,116810,119211,255576,238841,226120,128730,95270
Tripura,PROHIBITION ACT,0,0,0,0,0,0,0,0,0,0,0,0,0,0,0,0
Uttar Pradesh,PROHIBITION ACT,0,0,0,0,0,0,0,0,0,0,0,0,1,0,0,0
Uttarakhand,PROHIBITION ACT,0,0,0,0,0,0,0,0,0,0,0,3,0,0,0,0
West Bengal,PROHIBITION ACT,15,10,3,3,2,5,1,0,0,0,0,13,4,25,1,15
A&N Islands,PROHIBITION ACT,77,59,77,64,79,70,22,22,22,14,19,130,103,72,62,30
Chandigarh,PROHIBITION ACT,0,0,0,0,0,0,0,0,0,0,0,0,0,0,0,0
D&N Haveli,PROHIBITION ACT,0,0,0,0,0,0,0,0,0,0,0,0,0,0,0,0
Daman & Diu,PROHIBITION ACT,0,0,0,0,0,0,0,0,0,0,0,0,0,0,0,0
Delhi,PROHIBITION ACT,0,0,0,0,0,1,0,0,0,0,0,0,0,0,0,0
Lakshadweep,PROHIBITION ACT,9,0,0,0,11,8,16,10,12,6,2,10,3,1,3,4
Puducherry,PROHIBITION ACT,0,0,0,0,0,0,0,0,0,0,0,0,0,0,0,0
INDIA,PROHIBITION ACT,315883,344356,361940,387029,385670,399257,416749,420113,467111,500757,510646,509077,488189,467216,378919,326190
Andhra Pradesh,EXPLOSIVES & EXPLOSIVE SUBSTANCES ACT,351,313,361,555,322,271,210,214,273,426,261,488,524,422,474,369
Arunachal Pradesh,EXPLOSIVES & EXPLOSIVE SUBSTANCES ACT,3,3,4,8,3,6,4,0,4,6,1,2,6,1,3,2
Assam,EXPLOSIVES & EXPLOSIVE SUBSTANCES ACT,137,143,158,182,173,110,115,125,77,88,83,75,51,41,93,117
Bihar,EXPLOSIVES & EXPLOSIVE SUBSTANCES ACT,272,140,144,163,129,137,118,90,108,70,101,378,264,221,339,388
Chattisgarh,EXPLOSIVES & EXPLOSIVE SUBSTANCES ACT,283,212,254,158,162,163,195,232,199,268,191,207,267,243,187,280
Goa,EXPLOSIVES & EXPLOSIVE SUBSTANCES ACT,1,3,0,0,2,1,0,3,0,1,0,3,1,2,0,0
Gujarat,EXPLOSIVES & EXPLOSIVE SUBSTANCES ACT,59,150,92,79,56,47,80,55,44,107,564,46,75,55,62,146
Haryana,EXPLOSIVES & EXPLOSIVE SUBSTANCES ACT,41,25,29,25,71,33,45,50,20,53,48,32,48,40,17,37
Himachal Pradesh,EXPLOSIVES & EXPLOSIVE SUBSTANCES ACT,4,6,2,7,7,4,2,1,2,6,2,8,10,4,3,6
Jammu & Kashmir,EXPLOSIVES & EXPLOSIVE SUBSTANCES ACT,214,135,92,63,47,29,17,28,33,34,40,353,312,238,201,228
Jharkhand,EXPLOSIVES & EXPLOSIVE SUBSTANCES ACT,104,71,73,97,87,77,86,70,71,84,87,67,52,72,52,96
Karnataka,EXPLOSIVES & EXPLOSIVE SUBSTANCES ACT,85,80,81,83,119,79,106,86,82,85,76,64,70,88,69,97
Kerala,EXPLOSIVES & EXPLOSIVE SUBSTANCES ACT,439,351,413,496,466,631,443,462,444,373,782,377,352,361,356,323
Madhya Pradesh,EXPLOSIVES & EXPLOSIVE SUBSTANCES ACT,234,229,198,195,285,225,243,267,189,398,248,331,377,292,257,197
Maharashtra,EXPLOSIVES & EXPLOSIVE SUBSTANCES ACT,96,63,71,39,51,57,60,57,33,88,65,61,58,77,66,65
Manipur,EXPLOSIVES & EXPLOSIVE SUBSTANCES ACT,8,15,21,10,9,28,41,29,31,23,28,15,14,4,10,11
Meghalaya,EXPLOSIVES & EXPLOSIVE SUBSTANCES ACT,4,10,7,13,8,11,3,4,11,4,15,6,5,11,7,4
Mizoram,EXPLOSIVES & EXPLOSIVE SUBSTANCES ACT,8,6,8,1,2,13,4,6,20,6,6,7,4,11,3,8
Nagaland,EXPLOSIVES & EXPLOSIVE SUBSTANCES ACT,12,12,7,6,5,8,18,21,7,26,7,3,7,7,2,4
Odisha,EXPLOSIVES & EXPLOSIVE SUBSTANCES ACT,90,90,132,149,155,154,317,273,167,165,229,99,77,88,107,65
Punjab,EXPLOSIVES & EXPLOSIVE SUBSTANCES ACT,13,16,9,14,29,15,12,5,11,7,7,15,24,11,17,24
Rajasthan,EXPLOSIVES & EXPLOSIVE SUBSTANCES ACT,210,258,393,341,476,490,610,609,592,824,864,389,371,302,282,206
Sikkim,EXPLOSIVES & EXPLOSIVE SUBSTANCES ACT,2,1,12,1,1,3,1,2,0,2,0,3,1,1,3,4
Tamil Nadu,EXPLOSIVES & EXPLOSIVE SUBSTANCES ACT,378,306,284,526,350,325,605,540,689,545,464,360,427,260,397,431
Tripura,EXPLOSIVES & EXPLOSIVE SUBSTANCES ACT,1,0,5,0,2,0,0,1,0,0,0,0,6,7,3,1
Uttar Pradesh,EXPLOSIVES & EXPLOSIVE SUBSTANCES ACT,893,1261,1088,1050,834,505,498,397,539,456,444,960,1094,872,1053,978
Uttarakhand,EXPLOSIVES & EXPLOSIVE SUBSTANCES ACT,2,4,8,24,5,0,4,3,7,2,2,10,6,9,10,8
West Bengal,EXPLOSIVES & EXPLOSIVE SUBSTANCES ACT,69,64,83,117,133,212,169,226,166,208,253,134,100,106,112,94
A&N Islands,EXPLOSIVES & EXPLOSIVE SUBSTANCES ACT,1,5,0,2,2,1,1,1,0,0,1,2,1,2,1,1
Chandigarh,EXPLOSIVES & EXPLOSIVE SUBSTANCES ACT,3,0,2,1,0,0,0,1,0,0,0,2,3,3,2,4
D&N Haveli,EXPLOSIVES & EXPLOSIVE SUBSTANCES ACT,0,2,1,2,0,1,0,1,0,0,0,2,0,0,0,0
Daman & Diu,EXPLOSIVES & EXPLOSIVE SUBSTANCES ACT,0,1,0,0,0,0,0,0,0,0,0,0,0,0,0,0
Delhi,EXPLOSIVES & EXPLOSIVE SUBSTANCES ACT,44,37,33,1,17,23,8,13,18,9,14,28,26,12,56,60
Lakshadweep,EXPLOSIVES & EXPLOSIVE SUBSTANCES ACT,0,0,0,0,0,0,1,0,0,0,0,0,0,0,0,0
Puducherry,EXPLOSIVES & EXPLOSIVE SUBSTANCES ACT,6,7,2,11,13,10,11,3,6,4,17,2,1,1,4,0
INDIA,EXPLOSIVES & EXPLOSIVE SUBSTANCES ACT,4067,4019,4067,4419,4021,3669,4027,3875,3843,4368,4900,4529,4634,3864,4248,4254
Andhra Pradesh,"IMMORAL TRAFFIC(P) ACT, 1956",657,612,357,279,548,497,472,489,637,514,430,1332,871,349,405,681
Arunachal Pradesh,"IMMORAL TRAFFIC(P) ACT, 1956",0,0,0,0,0,0,1,2,1,2,1,0,0,0,0,0
Assam,"IMMORAL TRAFFIC(P) ACT, 1956",29,21,27,37,25,21,30,18,35,54,66,6,24,22,28,25
Bihar,"IMMORAL TRAFFIC(P) ACT, 1956",13,27,39,40,24,23,35,64,64,38,61,29,10,9,24,28
Chattisgarh,"IMMORAL TRAFFIC(P) ACT, 1956",13,14,4,9,12,15,5,8,5,4,17,12,12,7,9,6
Goa,"IMMORAL TRAFFIC(P) ACT, 1956",26,10,14,23,16,18,40,28,9,3,3,28,25,25,28,38
Gujarat,"IMMORAL TRAFFIC(P) ACT, 1956",78,44,52,41,46,46,44,76,53,44,83,61,57,74,33,59
Haryana,"IMMORAL TRAFFIC(P) ACT, 1956",85,88,77,90,57,57,69,63,69,61,79,21,32,57,62,85
Himachal Pradesh,"IMMORAL TRAFFIC(P) ACT, 1956",0,0,1,5,1,2,6,4,5,9,7,1,2,5,4,4
Jammu & Kashmir,"IMMORAL TRAFFIC(P) ACT, 1956",5,1,4,6,4,2,3,1,1,1,1,7,3,2,11,3
Jharkhand,"IMMORAL TRAFFIC(P) ACT, 1956",11,14,8,1,13,15,12,11,16,19,7,3,3,6,3,13
Karnataka,"IMMORAL TRAFFIC(P) ACT, 1956",786,612,516,329,242,351,335,340,392,423,338,1356,1388,1361,1170,1241
Kerala,"IMMORAL TRAFFIC(P) ACT, 1956",189,201,187,314,309,197,210,180,140,138,121,132,132,159,168,225
Madhya Pradesh,"IMMORAL TRAFFIC(P) ACT, 1956",12,19,10,19,19,24,13,22,17,30,22,15,14,33,23,19
Maharashtra,"IMMORAL TRAFFIC(P) ACT, 1956",378,322,327,271,306,390,366,289,233,400,320,233,182,179,309,222
Manipur,"IMMORAL TRAFFIC(P) ACT, 1956",0,0,0,0,0,0,15,0,0,0,0,4,6,0,0,1
Meghalaya,"IMMORAL TRAFFIC(P) ACT, 1956",1,1,3,1,3,2,7,4,6,2,2,0,0,1,0,1
Mizoram,"IMMORAL TRAFFIC(P) ACT, 1956",0,0,1,1,0,8,0,0,0,0,3,2,0,0,5,1
Nagaland,"IMMORAL TRAFFIC(P) ACT, 1956",9,4,1,3,2,2,4,1,1,5,0,1,4,1,4,4
Odisha,"IMMORAL TRAFFIC(P) ACT, 1956",44,40,29,14,25,23,24,27,36,47,51,24,24,11,22,29
Punjab,"IMMORAL TRAFFIC(P) ACT, 1956",67,45,43,59,59,50,86,137,71,77,68,32,38,54,32,58
Rajasthan,"IMMORAL TRAFFIC(P) ACT, 1956",143,91,72,62,82,81,99,74,105,86,56,68,55,51,79,115
Sikkim,"IMMORAL TRAFFIC(P) ACT, 1956",0,2,0,1,3,1,0,0,2,0,0,0,0,1,1,0
Tamil Nadu,"IMMORAL TRAFFIC(P) ACT, 1956",1732,1199,687,716,567,420,500,549,509,511,434,5232,3530,2839,3022,2777
Tripura,"IMMORAL TRAFFIC(P) ACT, 1956",0,0,0,0,1,2,0,0,0,2,0,0,0,0,0,0
Uttar Pradesh,"IMMORAL TRAFFIC(P) ACT, 1956",70,49,57,39,23,43,31,37,39,33,50,26,42,47,44,31
Uttarakhand,"IMMORAL TRAFFIC(P) ACT, 1956",3,9,3,6,4,3,12,13,20,20,13,0,0,0,4,2
West Bengal,"IMMORAL TRAFFIC(P) ACT, 1956",66,62,62,63,56,96,109,104,117,107,90,31,42,152,121,74
A&N Islands,"IMMORAL TRAFFIC(P) ACT, 1956",0,1,0,1,3,3,2,4,12,1,1,0,0,0,0,0
Chandigarh,"IMMORAL TRAFFIC(P) ACT, 1956",3,5,7,4,3,1,0,6,1,4,1,3,3,4,9,9
D&N Haveli,"IMMORAL TRAFFIC(P) ACT, 1956",0,2,3,0,1,1,2,2,1,2,0,0,0,2,0,0
Daman & Diu,"IMMORAL TRAFFIC(P) ACT, 1956",1,5,6,4,6,6,3,6,8,0,4,3,3,0,1,1
Delhi,"IMMORAL TRAFFIC(P) ACT, 1956",112,63,60,27,28,33,24,20,10,3,6,95,69,46,123,151
Lakshadweep,"IMMORAL TRAFFIC(P) ACT, 1956",0,0,0,0,0,0,0,0,0,0,0,0,0,0,0,0
Puducherry,"IMMORAL TRAFFIC(P) ACT, 1956",8,5,3,9,11,3,4,0,2,1,2,39,27,13,4,5
INDIA,"IMMORAL TRAFFIC(P) ACT, 1956",4541,3568,2660,2474,2499,2436,2563,2579,2617,2641,2337,8796,6598,5510,5748,5908
Andhra Pradesh,"INDIAN RAILWAYS ACT, 1989",6,2,4,12,3,46,27,26,8,5,9,43,173,103,53,20
Arunachal Pradesh,"INDIAN RAILWAYS ACT, 1989",0,0,0,0,0,0,0,0,0,0,0,0,0,0,0,0
Assam,"INDIAN RAILWAYS ACT, 1989",16,11,10,4,1,0,2,0,35,0,1,14,12,11,0,5
Bihar,"INDIAN RAILWAYS ACT, 1989",15,4,3,33,2,3,1,1,0,0,7,45,145,16,35,16
Chattisgarh,"INDIAN RAILWAYS ACT, 1989",5,1,2,2,5,3,8,17,8,18,2,7325,2495,3254,2288,2
Goa,"INDIAN RAILWAYS ACT, 1989",0,0,3,0,2,1,0,0,1,0,0,0,0,0,0,0
Gujarat,"INDIAN RAILWAYS ACT, 1989",2,2,1,3,0,1,1,2,4,1,4,1874,1864,2160,3632,4
Haryana,"INDIAN RAILWAYS ACT, 1989",11,11,7,7,6,4,3,8,3,12,14,1052,1019,993,546,8
Himachal Pradesh,"INDIAN RAILWAYS ACT, 1989",0,0,0,1,0,0,1,0,0,0,0,1,3,2,0,0
Jammu & Kashmir,"INDIAN RAILWAYS ACT, 1989",0,0,0,0,1,0,0,1,1,0,0,0,0,0,0,0
Jharkhand,"INDIAN RAILWAYS ACT, 1989",2,2,5,1,0,0,0,0,0,1,0,2,3,2,3,0
Karnataka,"INDIAN RAILWAYS ACT, 1989",2,5,3,6,6,1,7,6,2,2,6,25,22,19,8,7
Kerala,"INDIAN RAILWAYS ACT, 1989",4,6,4,2,2,11,10,6,9,22,11,11,13,20,9,6
Madhya Pradesh,"INDIAN RAILWAYS ACT, 1989",7,13,5,21,6,4,21,6,8,0,3,14419,12574,15084,5692,8
Maharashtra,"INDIAN RAILWAYS ACT, 1989",23,39,19,17,35,33,23,30,33,30,19,18667,17337,2371,681,23
Manipur,"INDIAN RAILWAYS ACT, 1989",0,0,0,0,0,0,0,0,0,0,0,0,0,0,0,0
Meghalaya,"INDIAN RAILWAYS ACT, 1989",0,0,0,0,0,0,0,0,0,0,0,0,0,0,0,0
Mizoram,"INDIAN RAILWAYS ACT, 1989",0,0,0,0,0,0,0,0,0,0,0,0,0,0,0,0
Nagaland,"INDIAN RAILWAYS ACT, 1989",0,0,0,0,0,0,0,0,0,0,0,2,12,12,0,0
Odisha,"INDIAN RAILWAYS ACT, 1989",2,0,1,0,0,0,0,1,0,0,1,16,1,1,0,1
Punjab,"INDIAN RAILWAYS ACT, 1989",9,8,6,14,11,8,7,8,4,14,5,144,170,184,87,15
Rajasthan,"INDIAN RAILWAYS ACT, 1989",8,6,15,5,10,7,10,4,10,8,5,1390,1807,1837,1031,5
Sikkim,"INDIAN RAILWAYS ACT, 1989",0,0,0,0,0,0,0,0,0,0,0,0,0,0,0,0
Tamil Nadu,"INDIAN RAILWAYS ACT, 1989",25,13,9,7,29,7,7,33,16,8,6,42,61,60,40,26
Tripura,"INDIAN RAILWAYS ACT, 1989",0,0,0,0,0,0,1,0,0,0,0,0,0,0,0,0
Uttar Pradesh,"INDIAN RAILWAYS ACT, 1989",32,26,24,24,23,21,12,9,141,222,277,15096,12892,13143,7292,42
Uttarakhand,"INDIAN RAILWAYS ACT, 1989",15,30,22,15,4,4,2,1,0,0,0,45,24,47,37,30
West Bengal,"INDIAN RAILWAYS ACT, 1989",5,7,2,1,2,2,1,7,4,3,1,4145,5068,1538,5,5
A&N Islands,"INDIAN RAILWAYS ACT, 1989",0,0,0,0,0,0,0,0,0,0,0,0,0,0,0,0
Chandigarh,"INDIAN RAILWAYS ACT, 1989",0,0,0,0,0,0,0,0,0,0,0,0,0,0,0,0
D&N Haveli,"INDIAN RAILWAYS ACT, 1989",0,0,0,0,0,0,0,0,0,0,0,0,0,1,0,0
Daman & Diu,"INDIAN RAILWAYS ACT, 1989",0,0,0,0,0,0,0,0,0,0,0,0,1,1,0,0
Delhi,"INDIAN RAILWAYS ACT, 1989",0,0,0,0,0,0,0,0,0,0,1,15,1,2,5,1
Lakshadweep,"INDIAN RAILWAYS ACT, 1989",0,0,0,0,0,0,0,0,0,0,0,0,0,0,0,0
Puducherry,"INDIAN RAILWAYS ACT, 1989",0,0,0,0,0,0,0,0,0,0,0,0,0,0,0,0
INDIA,"INDIAN RAILWAYS ACT, 1989",189,186,145,175,148,156,144,166,287,346,372,64373,55697,40861,21444,224
Andhra Pradesh,"REGISTRATION OF FOREIGNERS ACT, 1939",4,8,9,10,17,7,12,9,4,1,0,4,2,4,3,2
Arunachal Pradesh,"REGISTRATION OF FOREIGNERS ACT, 1939",1,0,0,0,1,1,1,0,4,4,0,1,0,0,0,0
Assam,"REGISTRATION OF FOREIGNERS ACT, 1939",6,10,2,3,11,2,23,10,16,10,8,1,0,0,0,3
Bihar,"REGISTRATION OF FOREIGNERS ACT, 1939",2,3,1,3,1,2,1,0,1,1,0,3,3,2,0,0
Chattisgarh,"REGISTRATION OF FOREIGNERS ACT, 1939",0,0,0,0,0,1,0,0,0,0,1,0,3,7,0,0
Goa,"REGISTRATION OF FOREIGNERS ACT, 1939",32,45,34,38,70,45,43,22,1,0,0,4,31,6,20,52
Gujarat,"REGISTRATION OF FOREIGNERS ACT, 1939",4,8,22,6,32,31,30,25,0,0,0,20,9,9,2,5
Haryana,"REGISTRATION OF FOREIGNERS ACT, 1939",22,32,54,19,10,19,21,27,1,1,4,5,8,16,5,13
Himachal Pradesh,"REGISTRATION OF FOREIGNERS ACT, 1939",5,3,2,2,6,7,7,5,10,0,2,8,8,3,10,4
Jammu & Kashmir,"REGISTRATION OF FOREIGNERS ACT, 1939",32,58,26,11,14,9,21,19,7,5,6,19,6,25,28,20
Jharkhand,"REGISTRATION OF FOREIGNERS ACT, 1939",2,1,0,1,0,0,1,0,2,0,0,1,0,0,0,0
Karnataka,"REGISTRATION OF FOREIGNERS ACT, 1939",20,27,43,69,95,94,71,121,8,1,2,23,21,12,20,12
Kerala,"REGISTRATION OF FOREIGNERS ACT, 1939",13,22,33,38,47,30,21,20,26,12,7,9,3,3,5,5
Madhya Pradesh,"REGISTRATION OF FOREIGNERS ACT, 1939",1,6,2,0,2,2,0,1,0,0,0,1,2,2,2,2
Maharashtra,"REGISTRATION OF FOREIGNERS ACT, 1939",36,40,31,23,16,31,12,16,7,1,2,18,16,6,5,70
Manipur,"REGISTRATION OF FOREIGNERS ACT, 1939",1,6,11,28,24,29,16,6,7,7,1,0,3,9,4,9
Meghalaya,"REGISTRATION OF FOREIGNERS ACT, 1939",16,13,30,32,33,33,73,51,0,0,0,5,5,8,17,14
Mizoram,"REGISTRATION OF FOREIGNERS ACT, 1939",90,79,16,19,37,49,18,15,0,0,1,159,106,135,2,72
Nagaland,"REGISTRATION OF FOREIGNERS ACT, 1939",0,2,0,0,0,0,0,1,0,0,0,14,9,0,1,4
Odisha,"REGISTRATION OF FOREIGNERS ACT, 1939",1,2,0,0,3,1,0,0,0,0,0,2,0,1,0,0
Punjab,"REGISTRATION OF FOREIGNERS ACT, 1939",4,2,0,0,0,2,1,2,0,0,0,8,2,4,8,6
Rajasthan,"REGISTRATION OF FOREIGNERS ACT, 1939",2,5,10,10,7,5,1,4,7,10,7,3,3,3,1,8
Sikkim,"REGISTRATION OF FOREIGNERS ACT, 1939",6,1,6,0,0,3,3,1,0,0,0,0,0,0,1,7
Tamil Nadu,"REGISTRATION OF FOREIGNERS ACT, 1939",23,15,18,12,26,14,12,28,11,17,17,7,29,18,21,23
Tripura,"REGISTRATION OF FOREIGNERS ACT, 1939",0,0,0,2,1,6,1,1,0,0,0,0,0,0,0,0
Uttar Pradesh,"REGISTRATION OF FOREIGNERS ACT, 1939",1,2,3,1,3,4,1,5,0,2,0,55,77,75,5,6
Uttarakhand,"REGISTRATION OF FOREIGNERS ACT, 1939",0,5,11,7,8,3,3,3,2,0,0,3,2,0,2,2
West Bengal,"REGISTRATION OF FOREIGNERS ACT, 1939",1781,1705,1139,903,660,792,1079,1701,384,0,3,1049,1386,950,1015,1604
A&N Islands,"REGISTRATION OF FOREIGNERS ACT, 1939",0,0,0,0,50,24,15,21,0,0,0,0,0,0,0,0
Chandigarh,"REGISTRATION OF FOREIGNERS ACT, 1939",2,1,4,7,3,0,1,0,0,1,2,3,1,0,1,0
D&N Haveli,"REGISTRATION OF FOREIGNERS ACT, 1939",0,0,0,0,0,0,0,0,0,0,0,0,0,0,0,0
Daman & Diu,"REGISTRATION OF FOREIGNERS ACT, 1939",0,0,0,0,0,0,1,0,0,0,0,0,0,0,0,0
Delhi,"REGISTRATION OF FOREIGNERS ACT, 1939",26,16,17,12,24,36,30,18,1,1,0,13,17,17,16,8
Lakshadweep,"REGISTRATION OF FOREIGNERS ACT, 1939",0,0,0,0,2,0,0,0,0,0,0,0,0,0,0,0
Puducherry,"REGISTRATION OF FOREIGNERS ACT, 1939",0,0,0,1,1,2,0,1,0,0,0,0,2,0,0,0
INDIA,"REGISTRATION OF FOREIGNERS ACT, 1939",2133,2117,1524,1257,1204,1284,1519,2133,499,74,63,1438,1754,1315,1194,1951
Andhra Pradesh,"PROTECTION OF CIVIL RIGHTS ACT, 1955",105,125,128,41,54,13,9,6,18,1,1,338,498,186,72,61
Arunachal Pradesh,"PROTECTION OF CIVIL RIGHTS ACT, 1955",0,0,0,0,0,0,0,0,0,0,1,0,0,0,0,0
Assam,"PROTECTION OF CIVIL RIGHTS ACT, 1955",0,1,0,0,0,0,0,0,0,0,0,0,0,1,0,0
Bihar,"PROTECTION OF CIVIL RIGHTS ACT, 1955",2,0,0,0,0,0,0,0,12,74,0,89,117,88,98,95
Chattisgarh,"PROTECTION OF CIVIL RIGHTS ACT, 1955",0,0,0,0,0,0,0,0,0,0,0,3,25,0,0,1
Goa,"PROTECTION OF CIVIL RIGHTS ACT, 1955",0,0,0,0,0,0,1,2,1,0,1,0,0,0,0,0
Gujarat,"PROTECTION OF CIVIL RIGHTS ACT, 1955",4,2,4,2,0,2,2,0,19,1,1,19,7,7,5,6
Haryana,"PROTECTION OF CIVIL RIGHTS ACT, 1955",0,0,2,0,0,0,0,0,31,0,0,1,0,0,0,0
Himachal Pradesh,"PROTECTION OF CIVIL RIGHTS ACT, 1955",2,4,3,1,1,3,3,4,7,3,1,4,10,1,2,5
Jammu & Kashmir,"PROTECTION OF CIVIL RIGHTS ACT, 1955",2,1,0,1,1,1,1,0,1,0,2,0,0,0,3,1
Jharkhand,"PROTECTION OF CIVIL RIGHTS ACT, 1955",45,0,0,0,0,0,0,0,0,0,0,0,0,0,0,168
Karnataka,"PROTECTION OF CIVIL RIGHTS ACT, 1955",26,17,49,10,33,12,12,25,1,11,6,107,101,73,39,28
Kerala,"PROTECTION OF CIVIL RIGHTS ACT, 1955",0,0,0,0,0,1,0,0,0,1,0,0,0,0,3,0
Madhya Pradesh,"PROTECTION OF CIVIL RIGHTS ACT, 1955",1,0,0,0,2,0,0,0,0,0,0,3,5,1,1,1
Maharashtra,"PROTECTION OF CIVIL RIGHTS ACT, 1955",36,20,20,24,25,10,6,29,5,20,16,61,76,43,26,32
Manipur,"PROTECTION OF CIVIL RIGHTS ACT, 1955",0,0,0,0,0,0,0,0,0,0,0,0,0,0,0,0
Meghalaya,"PROTECTION OF CIVIL RIGHTS ACT, 1955",0,0,0,0,0,0,0,0,0,0,0,0,0,0,0,0
Mizoram,"PROTECTION OF CIVIL RIGHTS ACT, 1955",0,0,0,0,0,0,0,0,0,0,0,0,0,0,0,0
Nagaland,"PROTECTION OF CIVIL RIGHTS ACT, 1955",0,0,0,0,0,0,0,0,0,0,0,0,0,0,0,0
Odisha,"PROTECTION OF CIVIL RIGHTS ACT, 1955",0,0,0,0,3,0,0,1,0,2,0,16,3,0,0,0
Punjab,"PROTECTION OF CIVIL RIGHTS ACT, 1955",0,0,0,0,0,0,0,0,0,0,0,1,2,1,0,1
Rajasthan,"PROTECTION OF CIVIL RIGHTS ACT, 1955",0,0,0,0,0,5,0,0,1,0,0,0,1,0,0,1
Sikkim,"PROTECTION OF CIVIL RIGHTS ACT, 1955",0,1,0,0,0,0,0,0,0,0,0,0,0,0,0,0
Tamil Nadu,"PROTECTION OF CIVIL RIGHTS ACT, 1955",84,6,3,2,3,12,9,1,9,1,5,22,79,202,71,12
Tripura,"PROTECTION OF CIVIL RIGHTS ACT, 1955",0,0,0,0,0,0,0,0,1,0,0,0,0,0,0,0
Uttar Pradesh,"PROTECTION OF CIVIL RIGHTS ACT, 1955",133,8,49,61,0,0,1,0,0,0,0,12,122,52,35,28
Uttarakhand,"PROTECTION OF CIVIL RIGHTS ACT, 1955",0,0,0,0,0,0,0,0,0,0,0,0,0,0,0,0
West Bengal,"PROTECTION OF CIVIL RIGHTS ACT, 1955",0,2,0,0,0,0,0,0,0,0,0,0,0,0,0,0
A&N Islands,"PROTECTION OF CIVIL RIGHTS ACT, 1955",0,0,0,0,0,0,0,1,0,0,0,0,0,0,0,0
Chandigarh,"PROTECTION OF CIVIL RIGHTS ACT, 1955",0,0,0,0,0,0,0,0,0,0,0,0,0,0,0,0
D&N Haveli,"PROTECTION OF CIVIL RIGHTS ACT, 1955",0,0,0,0,0,0,0,0,0,0,0,0,0,0,0,0
Daman & Diu,"PROTECTION OF CIVIL RIGHTS ACT, 1955",0,0,0,0,0,0,0,0,0,0,0,0,0,0,0,0
Delhi,"PROTECTION OF CIVIL RIGHTS ACT, 1955",0,0,0,2,0,0,0,3,0,2,2,2,1,0,0,1
Lakshadweep,"PROTECTION OF CIVIL RIGHTS ACT, 1955",0,0,0,0,0,0,0,0,0,0,0,0,0,0,0,0
Puducherry,"PROTECTION OF CIVIL RIGHTS ACT, 1955",14,24,27,26,26,15,20,15,9,1,1,13,18,16,20,12
INDIA,"PROTECTION OF CIVIL RIGHTS ACT, 1955",454,211,285,170,148,74,64,67,115,117,37,691,1065,671,375,453
Andhra Pradesh,"INDIAN PASSPORT ACT, 1967",64,62,17,105,58,12,30,24,9,17,13,67,68,71,65,149
Arunachal Pradesh,"INDIAN PASSPORT ACT, 1967",0,0,0,0,0,0,0,0,1,0,0,0,0,0,0,0
Assam,"INDIAN PASSPORT ACT, 1967",35,47,54,108,39,22,1,5,8,33,4,9,7,1,14,23
Bihar,"INDIAN PASSPORT ACT, 1967",0,1,1,0,1,8,0,0,0,3,2,1,2,5,1,0
Chattisgarh,"INDIAN PASSPORT ACT, 1967",0,4,1,0,0,0,1,0,0,0,3,0,0,0,0,0
Goa,"INDIAN PASSPORT ACT, 1967",0,0,0,1,0,0,0,0,0,0,0,0,0,0,0,1
Gujarat,"INDIAN PASSPORT ACT, 1967",10,17,14,16,6,6,5,12,12,6,6,18,4,18,16,10
Haryana,"INDIAN PASSPORT ACT, 1967",4,1,0,3,2,0,0,1,2,0,1,1,0,0,1,2
Himachal Pradesh,"INDIAN PASSPORT ACT, 1967",0,0,0,0,0,0,0,0,0,0,0,0,1,0,0,0
Jammu & Kashmir,"INDIAN PASSPORT ACT, 1967",7,7,3,2,2,0,0,3,2,0,2,7,1,10,7,5
Jharkhand,"INDIAN PASSPORT ACT, 1967",10,0,0,0,0,0,1,1,1,0,1,0,0,0,0,94
Karnataka,"INDIAN PASSPORT ACT, 1967",20,23,21,51,33,115,61,39,13,45,90,24,13,5,21,10
Kerala,"INDIAN PASSPORT ACT, 1967",128,79,139,179,209,172,357,215,173,113,94,34,172,85,210,210
Madhya Pradesh,"INDIAN PASSPORT ACT, 1967",1,0,0,0,0,0,0,0,2,1,1,1,1,0,0,0
Maharashtra,"INDIAN PASSPORT ACT, 1967",57,63,90,89,69,65,127,163,69,56,59,28,19,48,27,58
Manipur,"INDIAN PASSPORT ACT, 1967",0,0,0,0,0,0,0,0,0,0,0,2,4,5,0,0
Meghalaya,"INDIAN PASSPORT ACT, 1967",1,0,0,2,1,5,4,2,1,1,2,1,0,30,0,0
Mizoram,"INDIAN PASSPORT ACT, 1967",40,33,50,29,29,17,11,8,3,1,0,15,30,0,12,45
Nagaland,"INDIAN PASSPORT ACT, 1967",0,0,0,0,0,0,0,0,0,0,0,2,0,0,0,0
Odisha,"INDIAN PASSPORT ACT, 1967",0,0,0,0,0,0,0,0,0,0,0,0,0,0,0,0
Punjab,"INDIAN PASSPORT ACT, 1967",86,44,61,17,42,33,32,21,14,20,28,62,43,93,88,76
Rajasthan,"INDIAN PASSPORT ACT, 1967",6,15,5,8,2,4,5,3,3,6,4,48,12,15,14,8
Sikkim,"INDIAN PASSPORT ACT, 1967",0,0,0,0,0,0,0,0,0,0,0,0,0,0,0,0
Tamil Nadu,"INDIAN PASSPORT ACT, 1967",297,410,411,371,268,195,139,172,231,297,311,27,264,21,193,324
Tripura,"INDIAN PASSPORT ACT, 1967",0,0,21,44,38,36,67,87,56,37,50,0,0,0,0,0
Uttar Pradesh,"INDIAN PASSPORT ACT, 1967",21,16,14,12,6,32,11,21,1,10,12,5,8,29,53,23
Uttarakhand,"INDIAN PASSPORT ACT, 1967",0,1,6,7,6,2,0,2,0,0,0,3,2,1,0,0
West Bengal,"INDIAN PASSPORT ACT, 1967",111,102,99,162,102,121,96,148,65,42,34,1,4,88,47,48
A&N Islands,"INDIAN PASSPORT ACT, 1967",0,0,0,0,0,0,0,0,0,0,0,0,0,0,0,0
Chandigarh,"INDIAN PASSPORT ACT, 1967",1,0,0,1,0,1,0,3,0,0,0,0,0,0,0,0
D&N Haveli,"INDIAN PASSPORT ACT, 1967",0,0,0,0,0,0,0,0,0,0,0,0,0,0,0,0
Daman & Diu,"INDIAN PASSPORT ACT, 1967",0,0,0,0,0,0,0,0,0,0,0,0,0,0,0,0
Delhi,"INDIAN PASSPORT ACT, 1967",41,58,38,41,23,23,4,2,1,15,11,32,37,30,38,34
Lakshadweep,"INDIAN PASSPORT ACT, 1967",0,0,0,0,0,0,0,0,0,0,0,0,0,0,0,0
Puducherry,"INDIAN PASSPORT ACT, 1967",0,1,0,1,1,0,1,1,0,0,2,2,1,0,0,0
INDIA,"INDIAN PASSPORT ACT, 1967",940,984,1045,1249,937,869,953,933,667,703,730,390,693,555,807,1120
Andhra Pradesh,"ESSENTIAL COMMODITIES ACT, 1955",259,119,148,86,86,107,166,192,401,499,501,42,148,69,36,124
Arunachal Pradesh,"ESSENTIAL COMMODITIES ACT, 1955",0,0,0,0,0,0,0,0,0,1,0,0,0,0,0,0
Assam,"ESSENTIAL COMMODITIES ACT, 1955",36,41,38,28,49,36,25,24,24,30,63,36,30,24,24,28
Bihar,"ESSENTIAL COMMODITIES ACT, 1955",542,600,594,446,547,756,685,610,516,496,520,244,206,120,174,353
Chattisgarh,"ESSENTIAL COMMODITIES ACT, 1955",169,147,172,109,158,134,102,80,63,60,84,87,81,80,77,140
Goa,"ESSENTIAL COMMODITIES ACT, 1955",0,1,0,0,0,0,1,1,0,0,3,3,4,2,0,1
Gujarat,"ESSENTIAL COMMODITIES ACT, 1955",266,283,212,190,166,169,150,110,60,64,54,120,131,304,321,281
Haryana,"ESSENTIAL COMMODITIES ACT, 1955",293,355,358,205,273,288,156,77,118,171,123,131,102,178,101,216
Himachal Pradesh,"ESSENTIAL COMMODITIES ACT, 1955",18,33,56,31,35,34,30,11,10,11,13,10,8,12,17,12
Jammu & Kashmir,"ESSENTIAL COMMODITIES ACT, 1955",787,680,532,449,443,351,353,166,188,134,100,591,603,919,804,683
Jharkhand,"ESSENTIAL COMMODITIES ACT, 1955",118,87,109,100,94,96,126,87,57,60,100,44,40,56,40,64
Karnataka,"ESSENTIAL COMMODITIES ACT, 1955",245,288,432,437,442,405,421,376,565,405,323,522,144,201,238,358
Kerala,"ESSENTIAL COMMODITIES ACT, 1955",118,154,205,221,215,268,225,218,278,197,123,123,89,122,122,191
Madhya Pradesh,"ESSENTIAL COMMODITIES ACT, 1955",477,327,356,514,344,368,268,177,205,269,213,116,183,138,284,329
Maharashtra,"ESSENTIAL COMMODITIES ACT, 1955",2629,2067,2499,1639,1897,2796,1447,1056,1005,722,515,955,922,1132,1351,2386
Manipur,"ESSENTIAL COMMODITIES ACT, 1955",3,1,4,0,7,7,4,0,0,0,0,1,0,2,0,14
Meghalaya,"ESSENTIAL COMMODITIES ACT, 1955",3,6,6,4,21,6,8,10,9,3,2,0,0,0,0,1
Mizoram,"ESSENTIAL COMMODITIES ACT, 1955",0,0,0,0,14,10,0,1,6,3,3,0,0,0,5,0
Nagaland,"ESSENTIAL COMMODITIES ACT, 1955",0,0,1,1,2,2,0,1,1,2,0,0,0,0,1,0
Odisha,"ESSENTIAL COMMODITIES ACT, 1955",224,175,163,173,143,112,143,140,93,71,65,114,63,56,109,199
Punjab,"ESSENTIAL COMMODITIES ACT, 1955",98,132,92,125,105,85,127,112,78,57,27,92,81,179,82,148
Rajasthan,"ESSENTIAL COMMODITIES ACT, 1955",367,270,300,325,271,275,222,140,194,149,169,274,233,205,294,325
Sikkim,"ESSENTIAL COMMODITIES ACT, 1955",6,31,1,0,0,1,0,0,0,0,0,0,1,0,0,8
Tamil Nadu,"ESSENTIAL COMMODITIES ACT, 1955",71,178,154,165,427,193,97,49,21,21,7,32,61,36,31,66
Tripura,"ESSENTIAL COMMODITIES ACT, 1955",85,76,109,66,64,48,57,109,67,20,17,13,11,12,51,84
Uttar Pradesh,"ESSENTIAL COMMODITIES ACT, 1955",1274,1620,2096,1964,1832,1843,1493,1058,965,645,1052,96,48,59,452,922
Uttarakhand,"ESSENTIAL COMMODITIES ACT, 1955",26,49,65,78,55,47,50,27,24,23,10,4,12,9,6,22
West Bengal,"ESSENTIAL COMMODITIES ACT, 1955",130,175,182,174,167,130,303,246,298,330,307,537,332,207,164,170
A&N Islands,"ESSENTIAL COMMODITIES ACT, 1955",1,1,3,0,1,3,1,0,1,0,0,0,0,0,0,0
Chandigarh,"ESSENTIAL COMMODITIES ACT, 1955",7,5,6,7,15,8,10,3,4,16,0,2,7,17,8,8
D&N Haveli,"ESSENTIAL COMMODITIES ACT, 1955",0,0,2,0,1,11,2,0,0,0,0,5,1,3,1,0
Daman & Diu,"ESSENTIAL COMMODITIES ACT, 1955",0,0,0,0,0,1,1,0,0,0,0,0,0,0,1,0
Delhi,"ESSENTIAL COMMODITIES ACT, 1955",45,29,152,15,16,30,28,31,139,22,33,70,30,21,53,51
Lakshadweep,"ESSENTIAL COMMODITIES ACT, 1955",0,0,0,0,0,0,0,0,0,0,0,0,0,0,0,0
Puducherry,"ESSENTIAL COMMODITIES ACT, 1955",22,35,53,70,38,34,54,31,28,20,18,15,22,38,24,32
INDIA,"ESSENTIAL COMMODITIES ACT, 1955",8319,7965,9100,7622,7928,8654,6755,5143,5418,4501,4445,4279,3593,4201,4871,7216
Andhra Pradesh,"ANTIQUITIES & ART TREASURES ACT, 1972",17,15,16,10,19,44,35,21,26,14,14,8,8,4,9,28
Arunachal Pradesh,"ANTIQUITIES & ART TREASURES ACT, 1972",0,0,0,0,0,0,0,0,0,0,0,0,0,0,0,0
Assam,"ANTIQUITIES & ART TREASURES ACT, 1972",0,0,1,0,0,0,0,0,0,0,0,0,0,0,0,0
Bihar,"ANTIQUITIES & ART TREASURES ACT, 1972",0,7,0,2,2,0,2,2,2,10,1,0,53,7,2,0
Chattisgarh,"ANTIQUITIES & ART TREASURES ACT, 1972",0,0,1,0,0,0,0,0,0,0,0,0,0,1,0,2
Goa,"ANTIQUITIES & ART TREASURES ACT, 1972",0,0,0,0,0,0,0,0,0,0,0,0,0,0,0,0
Gujarat,"ANTIQUITIES & ART TREASURES ACT, 1972",0,0,0,0,0,1,0,3,1,4,1,0,2,0,0,0
Haryana,"ANTIQUITIES & ART TREASURES ACT, 1972",0,1,0,0,1,0,0,0,0,0,0,0,0,0,0,0
Himachal Pradesh,"ANTIQUITIES & ART TREASURES ACT, 1972",0,0,0,1,0,0,0,0,0,0,0,0,0,0,0,0
Jammu & Kashmir,"ANTIQUITIES & ART TREASURES ACT, 1972",0,0,0,0,0,0,0,0,0,0,0,0,0,0,0,0
Jharkhand,"ANTIQUITIES & ART TREASURES ACT, 1972",2,0,0,0,0,0,0,0,2,0,0,0,0,0,0,31
Karnataka,"ANTIQUITIES & ART TREASURES ACT, 1972",3,3,3,8,6,6,8,6,5,6,1,4,2,6,4,1
Kerala,"ANTIQUITIES & ART TREASURES ACT, 1972",0,0,0,1,0,1,0,0,0,0,0,0,0,0,0,0
Madhya Pradesh,"ANTIQUITIES & ART TREASURES ACT, 1972",0,0,0,0,0,0,0,0,0,0,0,0,0,0,0,0
Maharashtra,"ANTIQUITIES & ART TREASURES ACT, 1972",0,3,2,2,0,2,3,2,1,1,4,0,3,1,2,1
Manipur,"ANTIQUITIES & ART TREASURES ACT, 1972",0,0,0,0,0,0,0,0,0,0,0,0,0,0,0,0
Meghalaya,"ANTIQUITIES & ART TREASURES ACT, 1972",0,0,0,0,0,0,0,0,0,0,0,0,0,0,0,0
Mizoram,"ANTIQUITIES & ART TREASURES ACT, 1972",0,0,0,0,0,0,0,0,0,0,0,0,0,0,0,0
Nagaland,"ANTIQUITIES & ART TREASURES ACT, 1972",0,0,0,0,0,0,0,0,0,0,0,0,0,0,0,0
Odisha,"ANTIQUITIES & ART TREASURES ACT, 1972",1,3,0,0,0,0,1,0,0,0,0,0,0,0,0,0
Punjab,"ANTIQUITIES & ART TREASURES ACT, 1972",0,0,1,1,0,0,0,0,0,0,0,0,0,0,0,0
Rajasthan,"ANTIQUITIES & ART TREASURES ACT, 1972",2,1,0,0,0,1,1,0,0,1,0,4,3,2,1,1
Sikkim,"ANTIQUITIES & ART TREASURES ACT, 1972",0,0,0,0,0,0,0,0,0,0,0,0,0,0,0,0
Tamil Nadu,"ANTIQUITIES & ART TREASURES ACT, 1972",0,1,0,0,0,0,0,0,0,1,0,0,0,0,0,2
Tripura,"ANTIQUITIES & ART TREASURES ACT, 1972",0,0,0,0,0,0,0,0,0,0,0,0,0,0,0,0
Uttar Pradesh,"ANTIQUITIES & ART TREASURES ACT, 1972",2,6,8,7,23,13,5,0,0,0,94,2,5,2,7,2
Uttarakhand,"ANTIQUITIES & ART TREASURES ACT, 1972",0,0,0,0,0,0,0,0,0,0,0,0,0,0,0,0
West Bengal,"ANTIQUITIES & ART TREASURES ACT, 1972",2,5,0,1,2,0,0,0,2,0,1,21,1,12,59,0
A&N Islands,"ANTIQUITIES & ART TREASURES ACT, 1972",0,0,0,0,0,0,0,0,0,0,0,0,0,0,0,0
Chandigarh,"ANTIQUITIES & ART TREASURES ACT, 1972",0,0,0,0,0,0,0,0,0,0,0,0,0,0,0,0
D&N Haveli,"ANTIQUITIES & ART TREASURES ACT, 1972",0,0,0,0,0,0,0,0,0,0,0,0,0,0,0,0
Daman & Diu,"ANTIQUITIES & ART TREASURES ACT, 1972",0,0,0,0,0,0,0,0,0,0,0,0,0,0,0,0
Delhi,"ANTIQUITIES & ART TREASURES ACT, 1972",2,4,2,1,4,3,4,0,1,0,0,0,0,1,1,0
Lakshadweep,"ANTIQUITIES & ART TREASURES ACT, 1972",0,0,0,0,0,0,0,0,0,0,0,0,0,0,0,0
Puducherry,"ANTIQUITIES & ART TREASURES ACT, 1972",0,0,0,2,0,0,0,0,0,0,0,1,0,1,0,0
INDIA,"ANTIQUITIES & ART TREASURES ACT, 1972",31,49,34,36,57,71,59,34,40,37,116,40,77,37,85,68
Andhra Pradesh,"DOWRY PROHIBITION ACT, 1961",474,817,1069,1362,1186,1899,2511,1631,1031,305,596,551,460,195,339,306
Arunachal Pradesh,"DOWRY PROHIBITION ACT, 1961",0,0,0,0,0,0,0,0,0,0,0,0,0,0,0,0
Assam,"DOWRY PROHIBITION ACT, 1961",31,16,11,40,37,19,41,40,92,95,234,179,64,92,36,82
Bihar,"DOWRY PROHIBITION ACT, 1961",909,978,1288,1252,997,1393,1353,1893,2203,1867,1058,835,779,706,1220,789
Chattisgarh,"DOWRY PROHIBITION ACT, 1961",9,14,14,16,6,18,14,11,8,10,19,13,12,16,7,5
Goa,"DOWRY PROHIBITION ACT, 1961",0,0,0,0,0,0,0,0,0,0,0,0,0,0,0,0
Gujarat,"DOWRY PROHIBITION ACT, 1961",1,0,0,2,7,28,0,84,53,36,0,0,1,0,0,0
Haryana,"DOWRY PROHIBITION ACT, 1961",7,8,13,6,11,9,9,13,13,14,8,0,3,3,6,7
Himachal Pradesh,"DOWRY PROHIBITION ACT, 1961",2,4,2,4,0,0,0,2,2,0,1,9,5,7,5,1
Jammu & Kashmir,"DOWRY PROHIBITION ACT, 1961",2,1,2,3,2,3,3,3,1,1,0,3,0,4,2,0
Jharkhand,"DOWRY PROHIBITION ACT, 1961",345,453,435,414,404,402,1066,1428,1538,1552,1371,375,199,261,199,313
Karnataka,"DOWRY PROHIBITION ACT, 1961",476,517,628,904,1077,1210,1328,1693,1730,1541,1698,361,383,341,337,361
Kerala,"DOWRY PROHIBITION ACT, 1961",5,9,5,8,7,5,3,3,3,4,3,6,3,4,2,4
Madhya Pradesh,"DOWRY PROHIBITION ACT, 1961",32,52,32,91,67,66,101,72,113,62,26,30,24,29,40,36
Maharashtra,"DOWRY PROHIBITION ACT, 1961",55,45,49,50,40,44,33,43,39,42,38,27,23,29,21,23
Manipur,"DOWRY PROHIBITION ACT, 1961",0,0,0,0,0,0,0,0,0,0,0,0,0,0,0,0
Meghalaya,"DOWRY PROHIBITION ACT, 1961",0,0,0,0,0,0,0,0,1,0,0,0,0,0,0,0
Mizoram,"DOWRY PROHIBITION ACT, 1961",0,0,0,0,0,0,0,0,0,0,0,0,0,0,0,0
Nagaland,"DOWRY PROHIBITION ACT, 1961",0,0,0,0,0,0,0,0,0,0,0,0,0,0,0,0
Odisha,"DOWRY PROHIBITION ACT, 1961",1394,1460,1316,945,942,1062,1487,2014,646,1201,1400,436,424,412,532,446
Punjab,"DOWRY PROHIBITION ACT, 1961",7,6,4,9,1,3,1,3,5,8,5,0,0,3,7,5
Rajasthan,"DOWRY PROHIBITION ACT, 1961",3,2,3,3,3,4,39,57,12,9,3,4,6,3,13,1
Sikkim,"DOWRY PROHIBITION ACT, 1961",0,0,0,0,0,0,0,0,0,0,0,0,0,0,0,0
Tamil Nadu,"DOWRY PROHIBITION ACT, 1961",81,368,262,207,199,195,277,305,292,333,295,33,125,175,294,193
Tripura,"DOWRY PROHIBITION ACT, 1961",0,0,1,2,1,0,0,1,1,0,0,0,0,0,0,0
Uttar Pradesh,"DOWRY PROHIBITION ACT, 1961",628,803,324,274,115,124,505,1277,2133,2766,2867,340,288,367,477,586
Uttarakhand,"DOWRY PROHIBITION ACT, 1961",1,2,0,1,1,3,0,0,104,12,27,5,1,1,2,2
West Bengal,"DOWRY PROHIBITION ACT, 1961",25,40,68,46,53,116,241,107,1,4,0,6,6,17,36,18
A&N Islands,"DOWRY PROHIBITION ACT, 1961",0,1,0,0,0,0,0,0,0,0,0,0,0,0,0,0
Chandigarh,"DOWRY PROHIBITION ACT, 1961",0,0,1,0,0,1,0,0,2,0,1,0,0,0,0,0
D&N Haveli,"DOWRY PROHIBITION ACT, 1961",0,0,0,1,0,0,0,0,0,0,0,0,0,0,0,0
Daman & Diu,"DOWRY PROHIBITION ACT, 1961",0,0,0,0,0,0,0,0,0,0,0,0,0,0,0,0
Delhi,"DOWRY PROHIBITION ACT, 1961",15,16,19,6,15,7,15,15,13,20,18,7,7,14,11,9
Lakshadweep,"DOWRY PROHIBITION ACT, 1961",0,0,0,0,0,0,0,0,0,0,0,0,0,0,0,0
Puducherry,"DOWRY PROHIBITION ACT, 1961",2,11,9,4,11,8,11,14,14,12,15,2,3,5,6,17
INDIA,"DOWRY PROHIBITION ACT, 1961",4504,5623,5555,5650,5182,6619,9038,10709,10050,9894,9683,3222,2816,2684,3592,3204
Andhra Pradesh,"PROHIBITION OF CHILD MARRIAGE ACT, 2006",17,21,19,0,0,15,29,16,29,30,38,6,6,4,4,9
Arunachal Pradesh,"PROHIBITION OF CHILD MARRIAGE ACT, 2006",0,0,0,0,0,0,0,0,0,0,0,0,0,0,0,0
Assam,"PROHIBITION OF CHILD MARRIAGE ACT, 2006",1,1,1,0,0,0,0,1,4,14,23,0,1,0,1,0
Bihar,"PROHIBITION OF CHILD MARRIAGE ACT, 2006",2,8,8,0,8,0,16,1,10,0,0,2,1,0,3,4
Chattisgarh,"PROHIBITION OF CHILD MARRIAGE ACT, 2006",5,4,5,2,2,5,2,1,2,6,8,0,26,6,14,3
Goa,"PROHIBITION OF CHILD MARRIAGE ACT, 2006",0,0,1,0,0,0,0,0,0,0,0,0,0,0,0,0
Gujarat,"PROHIBITION OF CHILD MARRIAGE ACT, 2006",12,14,23,0,14,13,14,12,16,9,12,11,38,11,30,25
Haryana,"PROHIBITION OF CHILD MARRIAGE ACT, 2006",7,4,4,0,0,6,11,17,15,14,14,0,1,3,2,7
Himachal Pradesh,"PROHIBITION OF CHILD MARRIAGE ACT, 2006",1,1,2,0,5,0,0,2,4,1,0,0,3,1,2,3
Jammu & Kashmir,"PROHIBITION OF CHILD MARRIAGE ACT, 2006",0,0,0,0,0,0,0,0,0,0,0,0,0,0,0,0
Jharkhand,"PROHIBITION OF CHILD MARRIAGE ACT, 2006",0,4,0,0,0,0,0,1,1,1,4,0,0,0,0,0
Karnataka,"PROHIBITION OF CHILD MARRIAGE ACT, 2006",6,4,9,3,8,12,20,26,44,35,51,3,1,2,1,3
Kerala,"PROHIBITION OF CHILD MARRIAGE ACT, 2006",1,1,4,0,6,3,6,11,19,13,8,3,6,0,1,3
Madhya Pradesh,"PROHIBITION OF CHILD MARRIAGE ACT, 2006",4,5,2,0,4,5,3,6,15,9,9,4,2,3,2,18
Maharashtra,"PROHIBITION OF CHILD MARRIAGE ACT, 2006",15,7,5,0,4,19,6,16,14,24,16,43,18,16,14,22
Manipur,"PROHIBITION OF CHILD MARRIAGE ACT, 2006",0,0,0,0,0,0,0,0,0,0,0,0,0,0,0,0
Meghalaya,"PROHIBITION OF CHILD MARRIAGE ACT, 2006",2,1,0,0,0,0,1,0,0,0,0,0,0,0,0,0
Mizoram,"PROHIBITION OF CHILD MARRIAGE ACT, 2006",0,0,0,0,0,0,0,0,0,0,0,0,0,0,0,0
Nagaland,"PROHIBITION OF CHILD MARRIAGE ACT, 2006",0,0,0,0,0,0,0,0,0,0,0,0,0,0,0,0
Odisha,"PROHIBITION OF CHILD MARRIAGE ACT, 2006",3,1,1,0,0,1,1,0,0,1,15,0,0,0,1,0
Punjab,"PROHIBITION OF CHILD MARRIAGE ACT, 2006",9,5,6,0,0,0,0,0,2,5,8,0,1,2,2,11
Rajasthan,"PROHIBITION OF CHILD MARRIAGE ACT, 2006",1,3,3,0,2,5,10,5,5,6,12,10,7,6,2,3
Sikkim,"PROHIBITION OF CHILD MARRIAGE ACT, 2006",0,0,0,0,0,0,0,0,0,0,0,0,0,0,0,0
Tamil Nadu,"PROHIBITION OF CHILD MARRIAGE ACT, 2006",6,2,4,0,0,0,0,56,47,77,55,0,0,3,5,4
Tripura,"PROHIBITION OF CHILD MARRIAGE ACT, 2006",1,1,0,0,1,0,0,1,1,2,1,0,0,0,0,1
Uttar Pradesh,"PROHIBITION OF CHILD MARRIAGE ACT, 2006",0,0,0,0,5,4,5,5,10,4,3,1,2,4,1,4
Uttarakhand,"PROHIBITION OF CHILD MARRIAGE ACT, 2006",0,0,0,0,0,0,0,0,0,1,1,0,0,0,0,0
West Bengal,"PROHIBITION OF CHILD MARRIAGE ACT, 2006",6,9,6,0,0,25,43,43,37,40,41,0,0,1,8,2
A&N Islands,"PROHIBITION OF CHILD MARRIAGE ACT, 2006",0,0,0,0,0,0,0,0,0,1,1,0,0,0,0,0
Chandigarh,"PROHIBITION OF CHILD MARRIAGE ACT, 2006",0,0,0,0,0,0,0,0,0,0,0,2,0,0,0,0
D&N Haveli,"PROHIBITION OF CHILD MARRIAGE ACT, 2006",0,0,0,0,0,0,0,0,0,0,0,0,0,0,0,0
Daman & Diu,"PROHIBITION OF CHILD MARRIAGE ACT, 2006",0,0,0,0,0,0,0,0,0,0,0,0,0,0,0,0
Delhi,"PROHIBITION OF CHILD MARRIAGE ACT, 2006",0,0,1,0,0,0,1,1,2,0,1,0,0,1,0,0
Lakshadweep,"PROHIBITION OF CHILD MARRIAGE ACT, 2006",0,0,0,0,0,0,0,0,0,0,0,0,0,0,0,0
Puducherry,"PROHIBITION OF CHILD MARRIAGE ACT, 2006",0,0,0,0,1,0,1,1,3,0,5,0,0,0,0,0
INDIA,"PROHIBITION OF CHILD MARRIAGE ACT, 2006",99,96,104,5,60,113,169,222,280,293,326,85,113,63,93,122
Andhra Pradesh,"INDECENT REP. OF WOMEN(P) ACT, 1986",1347,1005,889,704,753,314,21,251,5,14,7,925,2403,909,1102,2657
Arunachal Pradesh,"INDECENT REP. OF WOMEN(P) ACT, 1986",0,0,0,0,0,0,0,0,0,0,0,0,0,0,0,0
Assam,"INDECENT REP. OF WOMEN(P) ACT, 1986",0,0,2,0,0,1,3,1,0,0,0,10,3,0,0,0
Bihar,"INDECENT REP. OF WOMEN(P) ACT, 1986",0,0,0,0,0,0,5,0,0,0,0,3,1,1,0,0
Chattisgarh,"INDECENT REP. OF WOMEN(P) ACT, 1986",0,0,0,1,1,0,1,0,0,0,0,0,0,0,0,0
Goa,"INDECENT REP. OF WOMEN(P) ACT, 1986",0,0,0,1,0,3,0,0,0,0,0,0,0,0,0,0
Gujarat,"INDECENT REP. OF WOMEN(P) ACT, 1986",0,0,0,0,0,0,0,0,0,0,0,0,4,14,0,0
Haryana,"INDECENT REP. OF WOMEN(P) ACT, 1986",0,0,0,0,0,0,2,0,1,0,0,0,0,0,0,0
Himachal Pradesh,"INDECENT REP. OF WOMEN(P) ACT, 1986",0,0,0,0,0,0,0,0,0,0,0,0,0,0,2,0
Jammu & Kashmir,"INDECENT REP. OF WOMEN(P) ACT, 1986",0,0,0,2,0,0,0,0,0,0,0,0,0,0,0,0
Jharkhand,"INDECENT REP. OF WOMEN(P) ACT, 1986",2,0,0,0,6,0,0,2,2,0,0,0,0,0,0,2
Karnataka,"INDECENT REP. OF WOMEN(P) ACT, 1986",0,0,0,1,0,2,0,2,0,2,0,0,0,0,0,0
Kerala,"INDECENT REP. OF WOMEN(P) ACT, 1986",59,26,19,24,37,12,3,20,11,4,2,42,26,16,45,108
Madhya Pradesh,"INDECENT REP. OF WOMEN(P) ACT, 1986",2,0,0,1,0,0,0,0,0,1,0,0,0,0,0,0
Maharashtra,"INDECENT REP. OF WOMEN(P) ACT, 1986",9,2,1,1,0,1,2,0,0,0,0,9,4,8,11,8
Manipur,"INDECENT REP. OF WOMEN(P) ACT, 1986",0,0,0,0,0,0,0,0,0,0,0,0,0,0,0,0
Meghalaya,"INDECENT REP. OF WOMEN(P) ACT, 1986",0,0,0,0,0,0,0,0,0,0,0,0,0,0,0,0
Mizoram,"INDECENT REP. OF WOMEN(P) ACT, 1986",0,0,0,0,0,0,0,0,0,0,0,0,0,0,0,0
Nagaland,"INDECENT REP. OF WOMEN(P) ACT, 1986",0,0,0,0,0,0,0,0,0,0,0,0,0,0,0,0
Odisha,"INDECENT REP. OF WOMEN(P) ACT, 1986",0,0,0,0,0,1,1,2,0,0,3,0,0,0,0,1
Punjab,"INDECENT REP. OF WOMEN(P) ACT, 1986",1,0,0,0,0,0,0,0,1,1,0,1,8,1,2,0
Rajasthan,"INDECENT REP. OF WOMEN(P) ACT, 1986",102,131,107,106,80,102,62,68,18,9,8,46,54,87,89,109
Sikkim,"INDECENT REP. OF WOMEN(P) ACT, 1986",0,0,0,0,0,0,0,0,0,0,0,0,0,0,0,0
Tamil Nadu,"INDECENT REP. OF WOMEN(P) ACT, 1986",35,25,4,2,14,10,34,9,4,7,1,11,5,6,102,30
Tripura,"INDECENT REP. OF WOMEN(P) ACT, 1986",0,0,0,0,0,0,0,0,0,0,0,0,0,0,0,0
Uttar Pradesh,"INDECENT REP. OF WOMEN(P) ACT, 1986",0,0,0,0,1,4,0,1,1,0,16,3,0,0,0,0
Uttarakhand,"INDECENT REP. OF WOMEN(P) ACT, 1986",0,0,0,0,0,0,0,0,0,0,0,0,0,0,0,0
West Bengal,"INDECENT REP. OF WOMEN(P) ACT, 1986",4,10,3,2,2,2,7,4,4,1,0,0,0,1,25,1
A&N Islands,"INDECENT REP. OF WOMEN(P) ACT, 1986",0,0,0,0,0,0,0,0,0,0,0,0,0,0,0,0
Chandigarh,"INDECENT REP. OF WOMEN(P) ACT, 1986",0,1,0,0,0,0,0,1,0,0,0,1,0,0,0,0
D&N Haveli,"INDECENT REP. OF WOMEN(P) ACT, 1986",0,0,0,0,0,0,0,0,0,0,0,0,0,0,0,0
Daman & Diu,"INDECENT REP. OF WOMEN(P) ACT, 1986",0,0,0,0,0,0,0,0,0,0,0,0,0,0,0,0
Delhi,"INDECENT REP. OF WOMEN(P) ACT, 1986",1,0,0,0,0,1,0,0,0,0,0,1,0,0,0,1
Lakshadweep,"INDECENT REP. OF WOMEN(P) ACT, 1986",0,0,0,0,1,0,0,0,0,0,0,0,0,0,0,0
Puducherry,"INDECENT REP. OF WOMEN(P) ACT, 1986",0,0,0,0,0,0,0,1,0,1,1,0,0,0,0,0
INDIA,"INDECENT REP. OF WOMEN(P) ACT, 1986",1562,1200,1025,845,895,453,141,362,47,40,38,1052,2508,1043,1378,2917
Andhra Pradesh,"COPYRIGHT ACT, 1957",1800,1602,586,385,827,497,458,487,383,514,397,222,393,317,500,1412
Arunachal Pradesh,"COPYRIGHT ACT, 1957",0,0,0,0,0,0,0,0,0,0,3,0,0,0,0,0
Assam,"COPYRIGHT ACT, 1957",36,35,31,18,6,1,4,5,3,12,42,3,11,15,14,34
Bihar,"COPYRIGHT ACT, 1957",12,28,30,39,16,27,24,22,36,4,21,8,7,15,16,8
Chattisgarh,"COPYRIGHT ACT, 1957",37,18,17,29,29,25,20,18,4,12,25,47,71,56,53,24
Goa,"COPYRIGHT ACT, 1957",11,3,3,11,3,10,8,10,4,4,6,15,7,13,19,9
Gujarat,"COPYRIGHT ACT, 1957",445,364,538,383,410,410,336,324,240,236,272,174,201,714,590,458
Haryana,"COPYRIGHT ACT, 1957",199,221,164,134,219,165,101,83,79,114,78,105,163,283,200,181
Himachal Pradesh,"COPYRIGHT ACT, 1957",48,52,47,49,47,30,9,8,10,16,31,18,40,42,48,59
Jammu & Kashmir,"COPYRIGHT ACT, 1957",10,5,3,4,2,4,1,4,8,4,8,4,8,26,12,18
Jharkhand,"COPYRIGHT ACT, 1957",31,14,19,13,38,23,27,18,10,17,28,1,5,3,5,40
Karnataka,"COPYRIGHT ACT, 1957",364,333,406,52,205,267,211,235,238,246,198,149,141,243,250,365
Kerala,"COPYRIGHT ACT, 1957",671,696,637,562,611,428,249,136,137,136,188,107,152,223,285,455
Madhya Pradesh,"COPYRIGHT ACT, 1957",166,109,98,90,88,57,68,91,67,79,78,107,148,163,197,168
Maharashtra,"COPYRIGHT ACT, 1957",794,639,696,728,662,563,355,366,296,371,346,643,760,906,958,1033
Manipur,"COPYRIGHT ACT, 1957",0,0,0,0,0,0,4,0,0,0,3,0,0,0,0,0
Meghalaya,"COPYRIGHT ACT, 1957",1,6,0,1,0,3,1,2,3,2,0,2,0,8,19,5
Mizoram,"COPYRIGHT ACT, 1957",0,0,0,0,0,0,0,0,0,0,3,0,0,0,0,0
Nagaland,"COPYRIGHT ACT, 1957",0,2,0,1,0,0,0,0,0,0,1,0,0,0,0,0
Odisha,"COPYRIGHT ACT, 1957",66,20,13,17,8,5,0,3,8,5,6,14,12,22,18,14
Punjab,"COPYRIGHT ACT, 1957",248,237,268,466,852,602,395,293,236,157,104,53,142,246,244,314
Rajasthan,"COPYRIGHT ACT, 1957",622,528,527,445,504,442,353,300,231,304,262,333,370,432,533,541
Sikkim,"COPYRIGHT ACT, 1957",0,0,0,0,0,0,0,0,0,0,0,0,0,0,0,0
Tamil Nadu,"COPYRIGHT ACT, 1957",661,918,1274,1917,2511,2636,2708,2678,2348,2024,1671,322,711,870,1604,804
Tripura,"COPYRIGHT ACT, 1957",0,2,0,0,0,0,0,0,0,1,0,0,0,0,0,0
Uttar Pradesh,"COPYRIGHT ACT, 1957",315,237,224,254,471,344,243,227,99,254,347,154,254,246,189,288
Uttarakhand,"COPYRIGHT ACT, 1957",51,37,58,39,17,4,20,10,11,4,7,10,16,27,38,32
West Bengal,"COPYRIGHT ACT, 1957",387,286,221,229,264,276,440,639,674,564,312,168,154,278,303,342
A&N Islands,"COPYRIGHT ACT, 1957",0,0,0,0,0,0,0,0,0,0,0,0,0,0,0,0
Chandigarh,"COPYRIGHT ACT, 1957",11,20,9,19,10,16,6,15,7,9,3,12,9,28,8,13
D&N Haveli,"COPYRIGHT ACT, 1957",2,3,1,1,2,1,0,0,0,0,1,0,2,2,0,5
Daman & Diu,"COPYRIGHT ACT, 1957",0,2,0,0,1,1,0,1,1,0,3,1,1,1,0,0
Delhi,"COPYRIGHT ACT, 1957",189,147,145,134,68,132,105,106,102,150,159,194,241,191,178,202
Lakshadweep,"COPYRIGHT ACT, 1957",0,0,0,0,0,0,0,0,0,0,0,0,0,0,0,0
Puducherry,"COPYRIGHT ACT, 1957",11,64,21,29,18,7,5,6,1,2,3,2,16,8,9,22
INDIA,"COPYRIGHT ACT, 1957",7188,6628,6036,6049,7889,6976,6151,6087,5236,5241,4606,2868,4035,5378,6290,6846
Andhra Pradesh,"SC/ST (PREVENTION OF ATTROCITIES) ACT, 1989",1812,1503,1641,2063,1734,1672,928,821,1161,1104,993,1079,964,1384,1466,1440
Arunachal Pradesh,"SC/ST (PREVENTION OF ATTROCITIES) ACT, 1989",0,0,0,0,0,0,0,0,0,0,0,0,0,0,0,0
Assam,"SC/ST (PREVENTION OF ATTROCITIES) ACT, 1989",0,0,0,0,2,1,2,4,1,4,5,0,0,0,0,0
Bihar,"SC/ST (PREVENTION OF ATTROCITIES) ACT, 1989",1470,1966,2480,2565,2581,3095,4554,5652,1946,460,264,523,721,923,1838,1200
Chattisgarh,"SC/ST (PREVENTION OF ATTROCITIES) ACT, 1989",281,293,3,3,1,1,0,2,325,1,1,170,178,376,339,208
Goa,"SC/ST (PREVENTION OF ATTROCITIES) ACT, 1989",4,0,2,0,1,3,4,7,12,19,12,1,1,1,0,2
Gujarat,"SC/ST (PREVENTION OF ATTROCITIES) ACT, 1989",412,372,468,477,254,215,282,270,250,209,202,446,429,389,470,507
Haryana,"SC/ST (PREVENTION OF ATTROCITIES) ACT, 1989",86,75,99,91,131,150,15,14,15,19,35,33,32,36,31,73
Himachal Pradesh,"SC/ST (PREVENTION OF ATTROCITIES) ACT, 1989",43,83,48,61,74,86,86,84,97,80,102,43,32,37,42,20
Jammu & Kashmir,"SC/ST (PREVENTION OF ATTROCITIES) ACT, 1989",0,0,0,0,0,0,0,0,0,0,0,0,0,0,0,0
Jharkhand,"SC/ST (PREVENTION OF ATTROCITIES) ACT, 1989",226,337,376,332,320,386,469,674,840,856,750,55,93,41,93,216
Karnataka,"SC/ST (PREVENTION OF ATTROCITIES) ACT, 1989",1168,1126,1418,1244,1460,1493,1498,1683,1802,1832,1741,1187,1233,1263,1179,1193
Kerala,"SC/ST (PREVENTION OF ATTROCITIES) ACT, 1989",72,46,53,48,48,81,77,78,76,83,99,135,264,183,173,49
Madhya Pradesh,"SC/ST (PREVENTION OF ATTROCITIES) ACT, 1989",556,554,0,0,17,5,1,2,84,1,4,678,880,697,569,596
Maharashtra,"SC/ST (PREVENTION OF ATTROCITIES) ACT, 1989",408,424,381,328,374,365,320,322,384,340,254,187,189,266,259,310
Manipur,"SC/ST (PREVENTION OF ATTROCITIES) ACT, 1989",0,0,0,0,0,0,0,0,0,0,0,0,0,0,0,0
Meghalaya,"SC/ST (PREVENTION OF ATTROCITIES) ACT, 1989",0,0,0,0,0,0,0,0,0,0,0,0,0,0,0,0
Mizoram,"SC/ST (PREVENTION OF ATTROCITIES) ACT, 1989",0,0,0,0,0,0,0,0,1,0,0,0,0,0,0,0
Nagaland,"SC/ST (PREVENTION OF ATTROCITIES) ACT, 1989",0,0,0,0,0,0,0,0,0,0,0,0,0,0,0,0
Odisha,"SC/ST (PREVENTION OF ATTROCITIES) ACT, 1989",783,665,843,732,1579,1662,2522,2298,11,1,0,798,655,603,733,843
Punjab,"SC/ST (PREVENTION OF ATTROCITIES) ACT, 1989",99,88,79,71,50,24,8,13,16,23,42,49,53,51,61,72
Rajasthan,"SC/ST (PREVENTION OF ATTROCITIES) ACT, 1989",145,127,99,131,129,122,142,136,110,112,144,3630,3051,1146,726,506
Sikkim,"SC/ST (PREVENTION OF ATTROCITIES) ACT, 1989",1,0,1,0,1,0,0,0,1,3,1,0,0,0,0,0
Tamil Nadu,"SC/ST (PREVENTION OF ATTROCITIES) ACT, 1989",469,1064,1195,1064,1280,1015,1148,1340,912,115,85,684,688,782,698,839
Tripura,"SC/ST (PREVENTION OF ATTROCITIES) ACT, 1989",0,0,1,3,1,2,1,0,1,1,0,1,0,0,0,2
Uttar Pradesh,"SC/ST (PREVENTION OF ATTROCITIES) ACT, 1989",1707,2117,3081,2556,1328,2013,1752,1857,1860,1473,1066,4960,2997,1128,1264,1623
Uttarakhand,"SC/ST (PREVENTION OF ATTROCITIES) ACT, 1989",48,56,25,33,25,21,17,11,23,42,30,93,87,67,115,50
West Bengal,"SC/ST (PREVENTION OF ATTROCITIES) ACT, 1989",1,3,13,18,48,56,18,61,40,39,47,6,8,2,6,8
A&N Islands,"SC/ST (PREVENTION OF ATTROCITIES) ACT, 1989",0,0,2,1,0,2,2,0,2,2,4,0,0,0,0,0
Chandigarh,"SC/ST (PREVENTION OF ATTROCITIES) ACT, 1989",1,0,1,0,0,1,1,2,1,0,1,2,0,0,0,0
D&N Haveli,"SC/ST (PREVENTION OF ATTROCITIES) ACT, 1989",0,0,2,4,0,0,1,4,3,3,2,3,0,0,0,0
Daman & Diu,"SC/ST (PREVENTION OF ATTROCITIES) ACT, 1989",0,0,0,0,0,0,0,0,0,1,0,0,0,0,0,0
Delhi,"SC/ST (PREVENTION OF ATTROCITIES) ACT, 1989",21,24,34,31,16,24,38,26,34,14,39,17,15,12,4,21
Lakshadweep,"SC/ST (PREVENTION OF ATTROCITIES) ACT, 1989",0,0,0,0,0,0,0,0,0,0,1,0,0,0,0,0
Puducherry,"SC/ST (PREVENTION OF ATTROCITIES) ACT, 1989",0,0,2,3,2,1,1,4,1,0,2,0,0,1,0,2
INDIA,"SC/ST (PREVENTION OF ATTROCITIES) ACT, 1989",9813,10923,12347,11859,11456,12496,13887,15365,10009,6837,5926,14780,12570,9388,10066,9780
Andhra Pradesh,"FOREST ACT, 1927",40,42,29,13,26,114,223,227,112,183,45,33,29,41,28,43
Arunachal Pradesh,"FOREST ACT, 1927",0,0,0,0,0,0,0,0,3,0,0,0,0,0,0,0
Assam,"FOREST ACT, 1927",4,29,23,10,24,2,20,26,10,31,67,14,14,11,26,21
Bihar,"FOREST ACT, 1927",35,45,129,39,36,24,44,53,28,4,34,56,83,131,159,109
Chattisgarh,"FOREST ACT, 1927",8,6,4,5,13,7,7,14794,1,0,0,16,13,7,2,5
Goa,"FOREST ACT, 1927",2,1,0,0,0,0,0,1,0,0,0,0,2,3,0,0
Gujarat,"FOREST ACT, 1927",2,0,4,2,3,12,4,3,1,7,0,1,1,2,0,0
Haryana,"FOREST ACT, 1927",2,2,2,0,0,2,3,0,6,9,35,0,0,0,0,3
Himachal Pradesh,"FOREST ACT, 1927",234,205,242,236,161,1510,168,155,134,101,157,279,236,209,177,197
Jammu & Kashmir,"FOREST ACT, 1927",5,27,2,20,13,10,14,7,8,5,0,6,8,11,11,4
Jharkhand,"FOREST ACT, 1927",86,84,200,88,127,115,235,235,144,198,137,38,47,38,47,42
Karnataka,"FOREST ACT, 1927",138,140,148,135,96,91,100,142,165,135,109,382,275,211,164,198
Kerala,"FOREST ACT, 1927",17,2,0,0,1,11,8,9,22,12,15,74,80,42,66,56
Madhya Pradesh,"FOREST ACT, 1927",44,45,30,45,32,29,19,11,10,16,21,122,97,71,34,53
Maharashtra,"FOREST ACT, 1927",56,47,41,40,37,16,30,19,25,18,19,43,48,57,67,65
Manipur,"FOREST ACT, 1927",0,0,0,0,0,0,1,0,0,4,0,0,0,0,0,0
Meghalaya,"FOREST ACT, 1927",0,0,1,0,1,0,0,0,0,0,0,0,0,0,0,0
Mizoram,"FOREST ACT, 1927",0,0,0,0,0,0,0,1,0,0,0,0,0,0,0,0
Nagaland,"FOREST ACT, 1927",0,0,0,0,0,0,0,0,0,0,0,0,0,0,1,0
Odisha,"FOREST ACT, 1927",5,0,2,0,1,2,1,0,0,0,0,2,1,0,0,20
Punjab,"FOREST ACT, 1927",2,5,5,0,12,2,1,5,1,4,2,0,0,0,1,0
Rajasthan,"FOREST ACT, 1927",1997,2470,2362,2416,3340,3497,3682,3055,2666,1828,1191,1733,1691,1203,1358,1508
Sikkim,"FOREST ACT, 1927",0,0,0,0,0,0,0,0,0,0,0,0,0,0,0,0
Tamil Nadu,"FOREST ACT, 1927",0,4,8,3,2,12,26,32,31,14,1,0,3,3,3,1
Tripura,"FOREST ACT, 1927",0,0,0,0,0,0,0,1,0,0,0,0,0,0,0,0
Uttar Pradesh,"FOREST ACT, 1927",1602,1455,1765,1659,2021,1942,1795,1527,1442,1311,1815,2553,1964,1547,1604,1768
Uttarakhand,"FOREST ACT, 1927",68,72,71,85,53,44,68,90,34,41,29,196,117,119,69,66
West Bengal,"FOREST ACT, 1927",0,1,14,5,5,4,18,12,17,6,25,0,0,0,0,1
A&N Islands,"FOREST ACT, 1927",0,0,0,0,0,1,0,0,0,0,0,0,0,1,1,0
Chandigarh,"FOREST ACT, 1927",0,0,0,0,0,0,0,0,0,0,0,0,0,0,0,0
D&N Haveli,"FOREST ACT, 1927",0,0,0,0,0,0,0,0,0,0,0,0,0,0,0,0
Daman & Diu,"FOREST ACT, 1927",0,0,0,0,0,0,0,0,0,0,0,0,0,0,0,0
Delhi,"FOREST ACT, 1927",0,0,0,1,0,1,0,2,41,41,13,0,0,0,0,8
Lakshadweep,"FOREST ACT, 1927",0,0,0,0,0,0,0,0,0,0,0,0,0,0,0,0
Puducherry,"FOREST ACT, 1927",0,0,0,0,0,0,0,0,0,0,0,0,1,0,0,0
INDIA,"FOREST ACT, 1927",4347,4682,5082,4802,6004,7448,6467,20407,4901,3968,3715,5548,4710,3707,3818,4168
Andhra Pradesh,OTHER SLL CRIMES,550722,639408,193821,398472,562192,198120,9392,6240,6216,6219,3442,480931,451210,423595,408597,462122
Arunachal Pradesh,OTHER SLL CRIMES,30,17,28,78,44,22,27,39,34,19,12,26,22,18,52,20
Assam,OTHER SLL CRIMES,2434,2791,1240,838,732,693,931,1130,1105,772,1467,1192,1380,783,2130,1137
Bihar,OTHER SLL CRIMES,1253,1298,1282,1133,1041,2019,1723,3612,2889,2986,1424,1315,2034,1893,1361,1092
Chattisgarh,OTHER SLL CRIMES,117215,176435,222583,182451,217404,253726,240917,193199,259990,215149,682,103241,115341,166480,116559,211651
Goa,OTHER SLL CRIMES,2564,2207,1715,1895,2133,2098,1635,2567,2281,84,71,596,677,1690,3200,2491
Gujarat,OTHER SLL CRIMES,24183,26073,26983,27298,24495,23057,23276,26511,41504,38496,22693,37945,34680,34750,32750,37219
Haryana,OTHER SLL CRIMES,1527,2026,2045,2084,4423,5502,5195,21652,2512,2637,3030,2864,2424,1775,1788,1890
Himachal Pradesh,OTHER SLL CRIMES,275,336,330,267,199,212,224,223,91,151,123,123,137,110,135,138
Jammu & Kashmir,OTHER SLL CRIMES,226,281,187,244,282,208,287,201,106,92,364,251,380,165,191,184
Jharkhand,OTHER SLL CRIMES,578,628,963,1138,1371,1470,1293,2325,1174,2333,1661,271,341,567,335,1056
Karnataka,OTHER SLL CRIMES,2973,3070,3932,3442,2794,3283,3636,4405,4982,9402,8273,4214,4132,2889,3243,2536
Kerala,OTHER SLL CRIMES,45124,77985,127028,140638,181234,197445,292910,351035,342736,327329,370495,20228,23622,30516,40344,45683
Madhya Pradesh,OTHER SLL CRIMES,112173,134561,120025,68217,66953,49527,26586,3068,14334,2309,2089,85060,130383,83466,127148,151119
Maharashtra,OTHER SLL CRIMES,23017,21428,31517,46126,42357,38981,37975,40599,35195,38148,55415,23076,19500,20826,20748,23759
Manipur,OTHER SLL CRIMES,420,687,1001,853,887,1092,1324,578,47,15,27,990,601,464,351,431
Meghalaya,OTHER SLL CRIMES,10,5,19,33,17,26,57,60,62,29,43,30,12,206,19,9
Mizoram,OTHER SLL CRIMES,562,472,392,405,490,613,416,167,189,14,131,649,780,721,520,718
Nagaland,OTHER SLL CRIMES,65,64,117,48,76,66,89,72,105,124,100,196,166,93,141,117
Odisha,OTHER SLL CRIMES,135,870,107,636,627,512,616,565,732,302,153,540,232,162,102,85
Punjab,OTHER SLL CRIMES,567,881,510,693,700,645,1836,2932,2555,1591,1119,867,782,567,518,613
Rajasthan,OTHER SLL CRIMES,7370,8232,9856,10553,13218,20878,31725,33241,14554,16095,19736,4328,5071,4723,4382,4254
Sikkim,OTHER SLL CRIMES,7,16,48,78,157,160,98,163,146,112,198,35,7,21,11,141
Tamil Nadu,OTHER SLL CRIMES,333895,351550,355325,407907,405165,415690,442173,394051,188073,119823,151676,226899,302017,322954,459944,394539
Tripura,OTHER SLL CRIMES,6,2,27,6,7,0,15,18,17,1,4,1,3,6,2,4
Uttar Pradesh,OTHER SLL CRIMES,1083404,1328161,1755807,2179607,1960751,1791597,1545748,1841930,2272444,2386227,12846,385571,480268,622313,752262,914652
Uttarakhand,OTHER SLL CRIMES,114413,134621,144835,181134,156111,75234,123084,164883,166999,83893,0,34465,38971,41973,60486,121645
West Bengal,OTHER SLL CRIMES,2106,1743,2629,2816,3179,3966,4391,9312,2080,2106,4596,1183213,1148275,1051337,1272639,4179
A&N Islands,OTHER SLL CRIMES,701,699,891,1165,831,741,9,11,2,1,2,470,336,394,425,537
Chandigarh,OTHER SLL CRIMES,82,126,31,45,67,59,124,114,45,65,45,203,151,58,86,47
D&N Haveli,OTHER SLL CRIMES,0,1,0,0,35,1,0,1,1,0,0,17,3,7,1,0
Daman & Diu,OTHER SLL CRIMES,0,0,0,0,1,0,0,0,0,0,0,1,3,0,1,0
Delhi,OTHER SLL CRIMES,2735,1436,2028,1006,904,876,1680,2562,4777,2669,1289,1180,2566,1983,1517,379
Lakshadweep,OTHER SLL CRIMES,2,8,7,5,1,0,2,5,4,3,6,0,1,0,2,1
Puducherry,OTHER SLL CRIMES,814,829,867,870,776,997,838,562,821,520,612,993,848,1083,1156,993
INDIA,OTHER SLL CRIMES,2431588,2918947,3008176,3662181,3651654,3089516,2800232,3108033,3368802,3259716,663824,2601981,2767356,2818588,3313146,2385441
Andhra Pradesh,TOTAL SLL CRIMES,602146,711946,246829,470125,628558,262024,55235,47690,46154,32251,33897,525527,506354,463272,452858,509090
Arunachal Pradesh,TOTAL SLL CRIMES,69,56,70,132,113,69,84,142,195,181,166,56,52,50,101,73
Assam,TOTAL SLL CRIMES,3323,3831,2307,1973,1825,1608,1974,2386,3064,3849,4764,2360,2373,1633,2987,2067
Bihar,TOTAL SLL CRIMES,9159,9479,9876,10594,10119,11737,13657,17506,17445,18439,25533,8078,8674,7940,9213,9814
Chattisgarh,TOTAL SLL CRIMES,142073,200889,246835,206949,242326,273283,264017,232949,285611,245223,29163,127812,135699,193067,143472,235802
Goa,TOTAL SLL CRIMES,3958,3253,2413,2577,2868,2833,2329,3200,3006,1482,1014,1951,1992,3104,4770,3995
Gujarat,TOTAL SLL CRIMES,171085,194751,200315,213339,218751,221212,232528,255801,290914,307108,288300,161063,157027,160749,167644,174336
Haryana,TOTAL SLL CRIMES,22221,19526,23155,23143,21775,22235,29733,49145,35522,47523,54584,25027,27915,27825,25167,22600
Himachal Pradesh,TOTAL SLL CRIMES,5003,3665,4067,4103,3760,4563,3380,1983,2962,3214,3863,4016,4165,4420,4703,4491
Jammu & Kashmir,TOTAL SLL CRIMES,2816,2382,1945,2033,2049,2086,1950,1517,1605,1727,2123,2997,2874,3002,2638,2735
Jharkhand,TOTAL SLL CRIMES,2536,2697,3170,3635,3932,3665,4490,5900,6321,7861,7107,1742,1735,2024,1729,3419
Karnataka,TOTAL SLL CRIMES,15729,16046,19651,17225,16174,17233,17795,22710,25665,32019,31077,19319,17983,15576,15378,17097
Kerala,TOTAL SLL CRIMES,54176,88726,141788,166374,225458,246633,352289,406848,403576,396334,447773,31598,34954,41055,52110,57821
Madhya Pradesh,TOTAL SLL CRIMES,183669,196849,184452,127778,129574,118319,104510,91191,101746,90046,100736,151386,204479,162825,201118,227901
Maharashtra,TOTAL SLL CRIMES,129397,120310,120138,135418,127940,130222,130980,124124,134981,147766,169152,202160,192768,174606,169317,142293
Manipur,TOTAL SLL CRIMES,483,753,1086,917,979,1218,1497,752,868,1004,928,1179,829,615,452,538
Meghalaya,TOTAL SLL CRIMES,85,123,157,167,135,132,204,209,304,327,216,149,98,376,125,136
Mizoram,TOTAL SLL CRIMES,977,824,692,742,832,908,696,564,435,347,375,1133,1196,1008,776,1214
Nagaland,TOTAL SLL CRIMES,308,305,398,339,408,342,325,480,514,629,532,499,528,342,482,414
Odisha,TOTAL SLL CRIMES,12760,12162,11163,12731,12049,12353,16003,18466,19088,19848,22105,11191,11130,11642,13775,13344
Punjab,TOTAL SLL CRIMES,20730,22612,20044,17911,18338,16406,23677,27616,27812,22253,17732,22883,26111,25739,24294,26592
Rajasthan,TOTAL SLL CRIMES,35942,37631,40359,43780,49810,58982,71604,72155,58140,64096,70749,31911,34451,33850,31302,31072
Sikkim,TOTAL SLL CRIMES,143,190,81,86,164,171,210,284,200,184,211,51,126,175,156,369
Tamil Nadu,TOTAL SLL CRIMES,449207,474963,491797,543266,515788,526208,549064,493099,311879,254604,287473,510950,571008,576863,636211,533721
Tripura,TOTAL SLL CRIMES,206,175,245,208,178,148,207,336,260,172,148,69,71,78,110,213
Uttar Pradesh,TOTAL SLL CRIMES,1189216,1444342,1901712,2343444,2113620,1890833,1626067,1916743,2393330,2549421,211854,478237,574630,730661,857586,1010654
Uttarakhand,TOTAL SLL CRIMES,120325,140428,149626,186738,160196,78296,126538,168414,170767,88618,5207,39548,43754,47383,65390,126953
West Bengal,TOTAL SLL CRIMES,7588,6453,6956,7092,7434,11635,12334,19618,20708,26777,27831,1193034,1158861,1058493,1278298,9235
A&N Islands,TOTAL SLL CRIMES,6526,5304,4900,5177,4430,3772,2186,2046,2122,2197,1689,3578,4316,6003,7028,7114
Chandigarh,TOTAL SLL CRIMES,917,853,605,556,517,687,1467,1355,1457,1865,1260,778,740,1125,1030,803
D&N Haveli,TOTAL SLL CRIMES,9,15,16,18,42,19,21,15,20,34,12,42,16,20,25,25
Daman & Diu,TOTAL SLL CRIMES,3,13,12,10,10,11,13,21,19,17,16,14,9,2,10,5
Delhi,TOTAL SLL CRIMES,30372,20994,6754,4053,4667,5896,6080,6616,9908,8599,7401,13749,18272,21910,25136,26573
Lakshadweep,TOTAL SLL CRIMES,13,10,7,7,17,11,30,22,34,15,14,10,4,1,5,7
Puducherry,TOTAL SLL CRIMES,997,1178,1104,1232,1081,1404,1197,753,998,669,799,1133,1004,1260,1370,1219
INDIA,TOTAL SLL CRIMES,3224167,3743734,3844725,4553872,4525917,3927154,3654371,3992656,4377630,4376699,1855804,3575230,3746198,3778694,4196766,3203735
